Date,us_Trade Weighted Dollar Index,kr_fx,jp_fx,us_ret,kr_ret,jp_ret,kr_us_spread,jp_us_spread,kr_jp_spread,corr_us_kr,corr_us_jp,corr_kr_jp,us_ret_lag1,kr_ret_lag1,jp_ret_lag1
2011-01,90.1112,1120.07,82.6111,-0.007960694468707175,-0.0017245928472782168,-0.0013724277465829715,0.006236101621428958,0.006588266722124203,-0.0003521651006952453,0.7847807271650654,-0.11238860093752893,-0.2743396124282037,-0.007960694468707175,-0.0017245928472782168,-0.0013724277465829715
2011-02,89.3967,1118.14,82.4978,-0.007960694468707175,-0.0017245928472782168,-0.0013724277465829715,0.006236101621428958,0.006588266722124203,-0.0003521651006952453,0.7847807271650654,-0.11238860093752893,-0.2743396124282037,-0.007960694468707175,-0.0017245928472782168,-0.0013724277465829715
2011-03,88.4872,1122.45,81.7936,-0.010225859961303208,0.003847205705659107,-0.008572625379385634,0.014073065666962314,0.0016532345819175731,0.012419831085044741,0.7847807271650654,-0.11238860093752893,-0.2743396124282037,-0.007960694468707175,-0.0017245928472782168,-0.0013724277465829715
2011-04,86.9214,1086.84,83.347,-0.01785364676183754,-0.03223939301962009,0.018813614808585122,-0.01438574625778255,0.03666726157042266,-0.05105300782820521,0.7847807271650654,-0.11238860093752893,-0.2743396124282037,-0.010225859961303208,0.003847205705659107,-0.008572625379385634
2011-05,86.9464,1083.54,81.2572,0.0002875748145694246,-0.003040944482550323,-0.025393183079255977,-0.0033285192971197475,-0.0256807578938254,0.022352238596705654,0.7847807271650654,-0.11238860093752893,-0.2743396124282037,-0.01785364676183754,-0.03223939301962009,0.018813614808585122
2011-06,86.9412,1081.27,80.5118,-5.980875003785968e-05,-0.0020971825074607153,-0.009215675135264334,-0.0020373737574228556,-0.009155866385226474,0.007118492627803619,0.7847807271650654,-0.11238860093752893,-0.2743396124282037,0.0002875748145694246,-0.003040944482550323,-0.025393183079255977
2011-07,86.3178,1059.5,79.39736842,-0.007196194024428948,-0.020339177476492054,-0.01393853315418525,-0.013142983452063106,-0.006742339129756303,-0.006400644322306803,0.7847807271650654,-0.11238860093752893,-0.2743396124282037,-5.980875003785968e-05,-0.0020971825074607153,-0.009215675135264334
2011-08,86.8983,1073.17,77.22086957,0.006702635300769089,0.012819786669322042,-0.027795472663453502,0.006117151368552953,-0.03449810796422259,0.040615259332775544,0.7847807271650654,-0.11238860093752893,-0.2743396124282037,-0.007196194024428948,-0.020339177476492054,-0.01393853315418525
2011-09,89.7253,1118.61,76.8375,0.032014311213587554,0.04146995771596362,-0.004976949482319526,0.00945564650237607,-0.03699126069590708,0.04644690719828315,0.7847807271650654,-0.11238860093752893,-0.2743396124282037,0.006702635300769089,0.012819786669322042,-0.027795472663453502
2011-10,90.6098,1155.45,76.772,0.009809594391825271,0.03240303537344502,-0.0008528118894961523,0.02259344098161975,-0.010662406281321424,0.033255847262941174,0.7847807271650654,-0.11238860093752893,-0.2743396124282037,0.032014311213587554,0.04146995771596362,-0.004976949482319526
2011-11,91.2649,1132.31,77.5794,0.00720389183421144,-0.020230084604352605,0.010461937686232936,-0.027433976438564045,0.003258045852021496,-0.03069202229058554,0.7847807271650654,-0.11238860093752893,-0.2743396124282037,0.009809594391825271,0.03240303537344502,-0.0008528118894961523
2011-12,92.2056,1147.45,77.8586,0.0102545994413612,0.013282295137888589,0.0035924329992615966,0.0030276956965273882,-0.006662166442099604,0.009689862138626992,0.7847807271650654,-0.11238860093752893,-0.2743396124282037,0.00720389183421144,-0.020230084604352605,0.010461937686232936
2012-01,91.6463,1145.85,76.9783,-0.006084263750971708,-0.0013953693451425053,-0.011370797075467287,0.004688894405829203,-0.005286533324495579,0.009975427730324782,0.7847807271650654,-0.11238860093752893,-0.2743396124282037,0.0102545994413612,0.013282295137888589,0.0035924329992615966
2012-02,89.9605,1123.35,78.392,-0.01856591739278457,-0.01983142729199283,0.01819831737985833,-0.0012655098992082614,0.0367642347726429,-0.03802974467185116,0.8106745041735793,-0.27284234729070267,-0.36351102732795043,-0.006084263750971708,-0.0013953693451425053,-0.011370797075467287
2012-03,90.5112,1125.9,82.4347619,0.006102914853245878,0.0022674234455992703,0.050285334339188026,-0.0038354914076466073,0.04418241948594215,-0.048017910893588756,0.8468855411787631,-0.14064036847884429,-0.22974414973372714,-0.01856591739278457,-0.01983142729199283,0.01819831737985833
2012-04,90.8156,1135.55,81.4895,0.00335747706295475,0.008534399232517309,-0.011533038081575242,0.005176922169562559,-0.014890515144529992,0.02006743731409255,0.8032715948040016,-0.023345855638172323,-0.13565982471051208,0.006102914853245878,0.0022674234455992703,0.050285334339188026
2012-05,92.4928,1154.27,79.7155,0.018299726633361324,0.016350994464169766,-0.022010131406243083,-0.0019487321691915582,-0.04030985803960441,0.03836112587041285,0.8036785603285264,-0.15106493860834597,-0.22827270267395633,0.00335747706295475,0.008534399232517309,-0.011533038081575242
2012-06,93.8809,1165.51,79.32142857,0.014896153992284056,0.009690649941812346,-0.004955732483673536,-0.00520550405047171,-0.019851886475957592,0.014646382425485882,0.79378398771232,-0.17597824612853122,-0.24734185147297266,0.018299726633361324,0.016350994464169766,-0.022010131406243083
2012-07,93.4062,1143.36,78.983,-0.005069233455321509,-0.01918746361253909,-0.004275674264272666,-0.014118230157217582,0.0007935591910488426,-0.014911789348266424,0.7858967430571991,-0.23009670145657193,-0.31280704761853545,0.014896153992284056,0.009690649941812346,-0.004955732483673536
2012-08,92.5283,1131.69,78.66478261,-0.009443180515574134,-0.010259205166216923,-0.004037073239124389,-0.0008160246506427882,0.005406107276449745,-0.0062221319270925335,0.8012329641320698,-0.20445029177076882,-0.2671757868993635,-0.005069233455321509,-0.01918746361253909,-0.004275674264272666
2012-09,90.9802,1124.78,78.16777778,-0.016872643247629604,-0.0061246297093440205,-0.006338052411110517,0.010748013538285583,0.010534590836519087,0.00021342270176649691,0.664879027381804,-0.09109479329060413,-0.23008362355234852,-0.009443180515574134,-0.010259205166216923,-0.004037073239124389
2012-10,90.7566,1106.93,78.96863636,-0.0024607026515912622,-0.015997043215871365,0.010193251750469479,-0.013536340564280103,0.01265395440206074,-0.026190294966340844,0.6736782646019988,-0.09277804782722647,-0.2857573944371519,-0.016872643247629604,-0.0061246297093440205,-0.006338052411110517
2012-11,91.4751,1087.52,80.792,0.007885606326347272,-0.017690543145284288,0.022827185187080268,-0.02557614947163156,0.014941578860732996,-0.040517728332364555,0.6895684455859149,-0.049350454620722906,-0.33399291297737504,-0.0024607026515912622,-0.015997043215871365,0.010193251750469479
2012-12,90.8804,1076.97,83.57777778,-0.006522447727928871,-0.009748331983105096,0.03389971800234992,-0.0032258842551762257,0.04042216573027879,-0.04364804998545502,0.6652489492243925,-0.10634916888626414,-0.3771661701616969,0.007885606326347272,-0.017690543145284288,0.022827185187080268
2013-01,90.8255,1065.35,89.16,-0.0006042731872826224,-0.01084815896384761,0.06465483979106246,-0.010243885776564987,0.06525911297834508,-0.07550299875491007,0.6822138854958664,-0.11174570559774111,-0.35980125912292954,-0.006522447727928871,-0.009748331983105096,0.03389971800234992
2013-02,91.5509,1086.68,93.16611111,0.007955018581485618,0.01982379290464298,0.04395153235045246,0.01186877432315736,0.03599651376896684,-0.024127739445809482,0.62666760248193,-0.01566196920885082,-0.11447663310324381,-0.0006042731872826224,-0.01084815896384761,0.06465483979106246
2013-03,92.4132,1102.2,94.78842105,0.009374723821577113,0.014181005893115994,0.017263220110272925,0.004806282071538881,0.007888496288695812,-0.003082214217156931,0.6464364499207583,-0.06255395836479405,-0.14209872630330467,0.007955018581485618,0.01982379290464298,0.04395153235045246
2013-04,92.0478,1121.83,97.6995,-0.00396181824822861,0.01765309800241166,0.030249180349980698,0.02161491625064027,0.03421099859820931,-0.012596082347569038,0.536481690809538,-0.07811960047377116,-0.002499733193415542,0.009374723821577113,0.014181005893115994,0.017263220110272925
2013-05,92.529,1110.67,101.082,0.00521410155764368,-0.009997843636946335,0.03403562730374787,-0.015211945194590015,0.028821525746104193,-0.04403347094069421,0.40118895745370414,0.23977845157745148,0.16393008642640147,-0.00396181824822861,0.01765309800241166,0.030249180349980698
2013-06,93.2836,1135.21,97.33111111,0.008122206442661373,0.021854219012870324,-0.03781338635422671,0.013732012570208951,-0.04593559279688808,0.05966760536709703,0.4151605365881993,0.17156628711270708,-0.10626321918572951,0.00521410155764368,-0.009997843636946335,0.03403562730374787
2013-07,93.8724,1127.23,99.75052632,0.006292097956490217,-0.007054359976864433,0.024553649869134553,-0.01334645793335465,0.018261551912644336,-0.031608009845998986,0.3457408524412323,0.1454251741799226,-0.21351076908475533,0.008122206442661373,0.021854219012870324,-0.03781338635422671
2013-08,93.7149,1116.98,97.87,-0.0016792185506115942,-0.009134681044657533,-0.01903226470930175,-0.007455462494045939,-0.017353046158690155,0.009897583664644216,0.3139641155377043,0.08929292857529804,-0.18234426870824097,0.006292097956490217,-0.007054359976864433,0.024553649869134553
2013-09,93.4706,1087.35,99.27888889,-0.002610246399525451,-0.026885071390951865,0.014292881715899597,-0.024274824991426414,0.016903128115425048,-0.04117795310685146,0.41547781228749464,-0.13607983915740268,-0.1666520533606556,-0.0016792185506115942,-0.009134681044657533,-0.01903226470930175
2013-10,92.4993,1066.8,97.82142857,-0.010445871423637954,-0.01908003010713699,-0.014789290080357453,-0.008634158683499038,-0.0043434186567195,-0.004290740026779538,0.46437524308690076,0.06875668982364208,-0.07395225067373794,-0.002610246399525451,-0.026885071390951865,0.014292881715899597
2013-11,93.3737,1062.82,99.78833333,0.009408644077796069,-0.0037377603832284834,0.019907616909749848,-0.013146404461024552,0.010498972831953779,-0.02364537729297833,0.5422308383102133,0.06053285597986651,-0.062334486570129265,-0.010445871423637954,-0.01908003010713699,-0.014789290080357453
2013-12,93.534,1056.67,103.4115789,0.0017152855586255455,-0.005803299152257857,0.035665661446592445,-0.0075185847108834025,0.0339503758879669,-0.0414689605988503,0.5304454082562524,0.13125446728448362,-0.05151452543116536,0.009408644077796069,-0.0037377603832284834,0.019907616909749848
2014-01,94.4648,1064.75,103.935,0.009902271778181593,0.007617576030949813,0.005048766317841569,-0.0022846957472317797,-0.004853505460340024,0.0025688097131082444,0.5332106843940216,0.19974894606812346,0.033326871265908276,0.0017152855586255455,-0.005803299152257857,0.035665661446592445
2014-02,94.6456,1071.3,102.1561111,0.001912111180413234,0.0061328344651894184,-0.017263559505754422,0.004220723284776184,-0.019175670686167656,0.02339639397094384,0.48406352403120184,0.1316445730172788,-0.1834620370623501,0.009902271778181593,0.007617576030949813,0.005048766317841569
2014-03,94.4408,1070.89,102.2725,-0.0021662063488907535,-0.0003827858453320232,0.0011386753737587796,0.0017834205035587303,0.003304881722649533,-0.0015214612190908028,0.4053576015433987,0.1088171145876121,-0.24092235463552553,0.001912111180413234,0.0061328344651894184,-0.017263559505754422
2014-04,93.9956,1044.55,102.5638095,-0.004725210504490818,-0.024903907778122125,0.0028443169778400446,-0.020178697273631307,0.007569527482330862,-0.02774822475596217,0.6750254799089761,0.21357384018127598,-0.39810716904262666,-0.0021662063488907535,-0.0003827858453320232,0.0011386753737587796
2014-05,93.67,1024.99,101.79,-0.0034700054427734273,-0.018903314217701528,-0.007573269129050431,-0.0154333087749281,-0.004103263686277003,-0.011330045088651097,0.7213667910127692,0.1803067528809924,-0.3473213062412431,-0.004725210504490818,-0.024903907778122125,0.0028443169778400446
2014-06,93.8274,1019.36,102.052381,0.0016789570092656803,-0.005507877059178767,0.002574353219572778,-0.007186834068444448,0.0008953962103070978,-0.008082230278751545,0.6875420170309382,0.49654243477703514,0.015102366830292716,-0.0034700054427734273,-0.018903314217701528,-0.007573269129050431
2014-07,93.6039,1019.93,102.78,-0.002384874948123006,0.0005590181041874587,0.007104560880262234,0.0029438930523104645,0.00948943582838524,-0.006545542776074775,0.6521047428748071,0.41656472042618864,0.016598279075040735,0.0016789570092656803,-0.005507877059178767,0.002574353219572778
2014-08,94.5808,1025.36,102.9571429,0.01038244634565011,0.005309772949202873,0.0017220317272608199,-0.005072673396447236,-0.00866041461838929,0.0035877412219420535,0.6959534603956208,0.3483375744383991,-0.009504294489438044,-0.002384874948123006,0.0005590181041874587,0.007104560880262234
2014-09,96.1209,1033.24,107.2442105,0.016152278492480576,0.007655725723584084,0.04079576170775567,-0.008496552768896493,0.024643483215275097,-0.03314003598417159,0.7489677944427,0.6044011624514236,0.2926043164178918,0.01038244634565011,0.005309772949202873,0.0017220317272608199
2014-10,97.4396,1060.28,108.0613636,0.0136259247425361,0.025833528022638497,0.007590672252619335,0.012207603280102397,-0.006035252489916765,0.018242855770019162,0.7425298333832738,0.466924340762177,0.11745334541201803,0.016152278492480576,0.007655725723584084,0.04079576170775567
2014-11,99.1147,1095.1,116.2122222,0.017045066487678895,0.03231265911392267,0.07271877407886862,0.015267592626243776,0.055673707591189725,-0.04040611496494595,0.8360050123099146,0.613211416369885,0.515770678971274,0.0136259247425361,0.025833528022638497,0.007590672252619335
2014-12,101.4441,1104.33,119.3126316,0.023230142502676188,0.008393132933202097,0.02632918314062671,-0.014837009569474091,0.003099040637950523,-0.017936050207424614,0.7446731344830483,0.666122259467844,0.6005565729242954,0.017045066487678895,0.03231265911392267,0.07271877407886862
2015-01,103.7607,1088.86,118.3077778,0.02257937846993041,-0.01410753885665983,-0.008457689240635169,-0.03668691732659024,-0.03103706771056558,-0.00564984961602466,0.5018421559528602,0.48495864854326115,0.6391927012459135,0.023230142502676188,0.008393132933202097,0.02632918314062671
2015-02,105.1685,1098.4,118.5633333,0.013476539484670091,0.008723298095505427,0.002157760800524322,-0.004753241389164664,-0.01131877868414577,0.006565537294981105,0.5343992671844875,0.4302463273284136,0.6872125467377518,0.02257937846993041,-0.01410753885665983,-0.008457689240635169
2015-03,107.3647,1112.57,120.3868182,0.02066762440070935,0.012818078955483259,0.015262767461169169,-0.007849545445226092,-0.005404856939540181,-0.0024446885056859102,0.5703153946499316,0.39508566916748117,0.6817365002454956,0.013476539484670091,0.008723298095505427,0.002157760800524322
2015-04,106.3523,1088.66,119.5495238,-0.0094742820918432,-0.021725072264407785,-0.006979332866470678,-0.012250790172564585,0.0024949492253725225,-0.014745739397937108,0.5833757205202423,0.44552503487089296,0.7325992667683217,0.02066762440070935,0.012818078955483259,0.015262767461169169
2015-05,105.4065,1091.27,120.6894118,-0.008932864081692138,0.002394573446983017,0.009489690348909896,0.011327437528675155,0.018422554430602034,-0.007095116901926879,0.46162933476342516,0.3633609908438178,0.7101260218107603,-0.0094742820918432,-0.021725072264407785,-0.006979332866470678
2015-06,106.179,1112.2,123.7504545,0.007302045106712285,0.01899788016164372,0.025046673194616176,0.011695835054931436,0.01774462808790389,-0.006048793032972455,0.39917096063943674,0.3270664993243362,0.7047462750003154,-0.008932864081692138,0.002394573446983017,0.009489690348909896
2015-07,108.1236,1143.22,123.2433333,0.018148668049648542,0.02750880646073739,-0.004106353581703637,0.009360138411088847,-0.02225502163135218,0.031615160042441026,0.41001463882505285,0.24488638719348466,0.5406420247468673,0.007302045106712285,0.01899788016164372,0.025046673194616176
2015-08,109.9768,1179.1,123.2338095,0.016994417265718376,0.0309025933684266,-7.727937687462827e-05,0.013908176102708225,-0.017071696642593004,0.03097987274530123,0.4231630191194683,0.208394245062465,0.4194945746126486,0.018148668049648542,0.02750880646073739,-0.004106353581703637
2015-09,110.8513,1184.76,120.285,0.007920229096261444,0.004788786828731517,-0.024219514283648103,-0.003131442267529927,-0.03213974337990955,0.02900830111237962,0.44187108169534456,0.21494961680354496,0.4777968230912018,0.016994417265718376,0.0309025933684266,-7.727937687462827e-05
2015-10,109.9036,1148.18,120.0619048,-0.008586045628378614,-0.03136214239772084,-0.001856443828625487,-0.022776096769342224,0.0067296017997531266,-0.02950569856909535,0.5934758724898271,0.25293668195606606,0.48274587135552144,0.007920229096261444,0.004788786828731517,-0.024219514283648103
2015-11,111.6916,1151.97,122.5329412,0.01613788389003723,0.0032954402364415714,0.020372418492197397,-0.012842443653595659,0.004234534602160167,-0.017076978255755826,0.5696203228273631,0.22940419252481975,0.2785588765458087,-0.008586045628378614,-0.03136214239772084,-0.001856443828625487
2015-12,112.7857,1172.24,121.924,0.009748056162953489,0.01744292807969039,-0.004982001791571378,0.007694871916736901,-0.014730057954524867,0.022424929871261767,0.5736048514223584,0.08727581272179298,0.23633446265666336,0.01613788389003723,0.0032954402364415714,0.020372418492197397
2016-01,115.2344,1201.67,118.3061111,0.021478756819546696,0.024795807642426837,-0.030122472498929298,0.003317050822880141,-0.051601229318475994,0.054918280141356135,0.800425628532117,-0.052279784044149714,-0.02203996858944913,0.009748056162953489,0.01744292807969039,-0.004982001791571378
2016-02,114.2817,1217.35,115.0931579,-0.008301861801760957,0.012964109108978938,-0.027533558169832162,0.021265970910739895,-0.019231696368071205,0.0404976672788111,0.7141230391522648,0.11830092935799327,-0.05188407054136134,0.021478756819546696,0.024795807642426837,-0.030122472498929298
2016-03,111.8934,1188.21,113.0704545,-0.021119820650542742,-0.024228392103382568,-0.017730753557410495,-0.0031085714528398256,0.0033890670931322475,-0.006497638545972073,0.7957845127066652,0.1330722347677804,0.030809144935653777,-0.008301861801760957,0.012964109108978938,-0.027533558169832162
2016-04,110.0171,1147.51,109.9652381,-0.016910824089109155,-0.034853595484115374,-0.027846816997222135,-0.01794277139500622,-0.01093599290811298,-0.007006778486893239,0.8189830388719006,0.25629926627748767,0.20349837579299837,-0.021119820650542742,-0.024228392103382568,-0.017730753557410495
2016-05,111.1405,1171.51,109.0622222,0.010159358415894992,0.020699137482614205,-0.008245733345529693,0.010539779066719213,-0.018405091761424686,0.028944870828143898,0.8407401251407519,0.34647742950604804,0.2157441709284761,-0.016910824089109155,-0.034853595484115374,-0.027846816997222135
2016-06,111.5596,1170.5,105.4918182,0.0037638105663786448,-0.0008625070453263106,-0.03328516792805125,-0.004626317611704955,-0.037048978494429896,0.03242266088272494,0.8429909057113909,0.353884004345257,0.15716207624654915,0.010159358415894992,0.020699137482614205,-0.008245733345529693
2016-07,112.4773,1144.09,103.9710526,0.0081924462684837,-0.022821446756978503,-0.014520877289244005,-0.031013893025462203,-0.022713323557727705,-0.008300569467734498,0.7444669736334929,0.31630199947386156,0.10397456657789364,0.0037638105663786448,-0.0008625070453263106,-0.03328516792805125
2016-08,111.4384,1111.68,101.2690909,-0.009279451640136216,-0.028737176561302036,-0.026331279701182098,-0.01945772492116582,-0.01705182806104588,-0.002405896860119938,0.7313156201169123,0.28728885332526166,0.05331073145055952,0.0081924462684837,-0.022821446756978503,-0.014520877289244005
2016-09,112.3169,1107.49,101.9442105,0.007852368314836156,-0.0037761910795319764,0.006644467455283021,-0.011628559394368132,-0.0012079008595531349,-0.010420658534814997,0.7203318001537261,0.3529847588814146,0.08121763568635147,-0.009279451640136216,-0.028737176561302036,-0.026331279701182098
2016-10,113.4747,1125.28,103.8175,0.010255564403381712,0.015935700026554755,0.018208842203465636,0.005680135623173044,0.007953277800083924,-0.0022731421769108806,0.7149271001651593,0.45148392115769875,0.28457096474898236,0.007852368314836156,-0.0037761910795319764,0.006644467455283021
2016-11,116.1075,1161.64,107.6244444,0.022936581515689447,0.03180090617965181,0.03601325039478187,0.008864324663962364,0.013076668879092423,-0.004212344215130059,0.7807082629515546,0.5300299916164253,0.48122823299322653,0.010255564403381712,0.015935700026554755,0.018208842203465636
2016-12,117.9048,1182.28,115.8995,0.015361033082195164,0.017611977806301304,0.07407563590732025,0.002250944724106141,0.058714602825125084,-0.05646365810101894,0.7887786972100951,0.5254091390325764,0.4771971009937684,0.022936581515689447,0.03180090617965181,0.03601325039478187
2017-01,117.7858,1185.1,114.75,-0.001009798524947314,0.002382381648741827,-0.009967587331897398,0.003392180173689141,-0.008957788806950084,0.012349968980639225,0.7540170813506306,0.6981117475426106,0.603941980048732,0.015361033082195164,0.017611977806301304,0.07407563590732025
2017-02,116.1204,1144.92,113.0715789,-0.014240136794978042,-0.034492393642648445,-0.014734789174837282,-0.020252256847670402,-0.0004946523798592395,-0.019757604467811163,0.8646121303929111,0.6770301866643084,0.6806010726307253,-0.001009798524947314,0.002382381648741827,-0.009967587331897398
2017-03,115.6558,1134.77,113.0145455,-0.004009045124316657,-0.008904778342959219,-0.0005045280984061762,-0.004895733218642562,0.0035045170259104808,-0.008400250244553042,0.8789745761636215,0.688889172802506,0.6682639669441466,-0.014240136794978042,-0.034492393642648445,-0.014734789174837282
2017-04,114.7698,1132.73,110.062,-0.007690155663153675,-0.0017993389639654467,-0.026472688294672864,0.005890816699188228,-0.01878253263151919,0.024673349330707417,0.8079745514926214,0.6882438150140766,0.6092885563356003,-0.004009045124316657,-0.008904778342959219,-0.0005045280984061762
2017-05,114.2591,1125.28,112.2573684,-0.004459706582371936,-0.006598754685121833,0.019750323856926322,-0.0021390481027498964,0.024210030439298258,-0.026349078542048154,0.7984346285834252,0.6613069641757355,0.6584844884727613,-0.007690155663153675,-0.0017993389639654467,-0.026472688294672864
2017-06,112.7603,1130.04,110.9059091,-0.013204349732734322,0.00422113675026381,-0.012111991154877266,0.01742548648299813,0.0010923585778570555,0.016333127905141076,0.6917452599014927,0.7291532631416323,0.6870363282859061,-0.004459706582371936,-0.006598754685121833,0.019750323856926322
2017-07,111.0606,1134.4,112.3936842,-0.015188328476275714,0.0038508464678912446,0.013325569414605276,0.01903917494416696,0.02851389789088099,-0.009474722946714031,0.7281851585655457,0.7177330123837713,0.6728665338259681,-0.013204349732734322,0.00422113675026381,-0.012111991154877266
2017-08,109.9059,1130.79,109.9145455,-0.01045145314709739,-0.003187373294311513,-0.022304540699281006,0.007264079852785876,-0.011853087552183617,0.019117167404969493,0.7293791943685932,0.7237230315670587,0.6048035724441819,-0.015188328476275714,0.0038508464678912446,0.013325569414605276
2017-09,108.8542,1131.59,110.7231579,-0.009615172991743748,0.0007072198599216151,0.007329808168182517,0.010322392851665363,0.016944981159926265,-0.006622588308260902,0.7672433296819872,0.7307371755638173,0.6074175113186997,-0.01045145314709739,-0.003187373294311513,-0.022304540699281006
2017-10,110.8892,1131.57,112.9566667,0.01852213243736145,-1.7674402164047365e-05,0.01997125167561098,-0.018539806839525497,0.00144911923824953,-0.019988926077775027,0.6487504500715301,0.7070528048379857,0.5928750051301895,-0.009615172991743748,0.0007072198599216151,0.007329808168182517
2017-11,111.1635,1105.04,112.9947368,0.0024705859421896292,-0.02372451554960442,0.0003369760025435653,-0.02619510149179405,-0.002133609939646064,-0.024061491552147984,0.3103407593826122,0.6573446916795721,0.4926413240293102,0.01852213243736145,-1.7674402164047365e-05,0.01997125167561098
2017-12,110.8758,1085.78,112.9495,-0.0025914345884254786,-0.01758291068844997,-0.0004004244697286552,-0.014991476100024492,0.0021910101186968234,-0.017182486218721316,0.02454024116588427,0.4421888596882992,0.1441433421798998,0.0024705859421896292,-0.02372451554960442,0.0003369760025435653
2018-01,108.3567,1066.7,110.7744444,-0.022982093225216715,-0.017728852071817514,-0.01944471466585007,0.005253241153399202,0.003537378559366644,0.0017158625940325578,0.10328763433343974,0.549447363079397,0.2511216732049184,-0.0025914345884254786,-0.01758291068844997,-0.0004004244697286552
2018-02,107.65,1079.58,107.9005556,-0.0065433389007063525,0.01200230596104479,-0.026286080037804638,0.018545644861751143,-0.019742741137098285,0.03828838599884943,-0.05429176419741978,0.48225272583227335,-0.10226468505479373,-0.022982093225216715,-0.017728852071817514,-0.01944471466585007
2018-03,107.9473,1071.89,106.0004762,0.002757921258214502,-0.007148631166998598,-0.017766434908258688,-0.0099065524252131,-0.02052435616647319,0.01061780374126009,-0.06294115632602038,0.3961578899822699,-0.07695386040121115,-0.0065433389007063525,0.01200230596104479,-0.026286080037804638
2018-04,107.9428,1067.76,107.5214286,-4.168787731018142e-05,-0.003860449259587284,0.014246576962120727,-0.0038187613822771027,0.014288264839430909,-0.01810702622170801,-0.052610762804209475,0.4268407673537786,-0.03522120498998021,0.002757921258214502,-0.007148631166998598,-0.017766434908258688
2018-05,111.046,1076.39,109.7015,0.028343072689534843,0.008049853417018582,0.020072877326197336,-0.02029321927251626,-0.008270195363337507,-0.012023023909178754,0.18940815343367384,0.5817621436923368,0.12164907317468267,-4.168787731018142e-05,-0.003860449259587284,0.014246576962120727
2018-06,112.8435,1092.8,110.0252381,0.016057373141682874,0.015130360233611029,0.002946735905313247,-0.0009270129080718448,-0.013110637236369627,0.012183624328297782,0.37146666788501137,0.5513830109504769,0.18283770631725474,0.028343072689534843,0.008049853417018582,0.020072877326197336
2018-07,113.0594,1122.8,111.4185,0.0019114412938874281,0.027082355671201874,0.012583605179566248,0.025170914377314446,0.01067216388567882,0.014498750491635626,0.3747611830743861,0.6765308025665945,0.26094622139367024,0.016057373141682874,0.015130360233611029,0.002946735905313247
2018-08,113.8309,1121.15,111.0582609,0.0068006695167648346,-0.0014706212681883102,-0.003238445340335794,-0.008271290784953145,-0.010039114857100628,0.0017678240721474836,0.3726574725445066,0.6325864921719032,0.26418839925131515,0.0019114412938874281,0.027082355671201874,0.012583605179566248
2018-09,114.0783,1120.6,111.9464706,0.002171040898524268,-0.0004906880883552844,0.007965879385759322,-0.0026617289868795524,0.0057948384872350545,-0.008456567474114607,0.3981114701352699,0.6933469096723721,0.2608724973220137,0.0068006695167648346,-0.0014706212681883102,-0.003238445340335794
2018-10,114.8301,1130.81,112.775,0.00656858990861231,0.009069933945930586,0.007373867321032179,0.002501344037318276,0.0008052774124198692,0.0016960666248984069,0.4276522396247337,0.648942133005801,0.298556608062153,0.002171040898524268,-0.0004906880883552844,0.007965879385759322
2018-11,116.1678,1128.58,113.3835,0.011582052942156196,-0.0019739847694477675,0.005381194767152486,-0.013556037711603963,-0.0062008581750037095,-0.007355179536600254,0.45593019869565127,0.6542516087375618,0.33577315349126774,0.00656858990861231,0.009069933945930586,0.007373867321032179
2018-12,116.2111,1122.9,112.5727778,0.00037266723012407965,-0.005045580729174048,-0.0071759517978771115,-0.005418247959298128,-0.007548619028001191,0.002130371068703063,0.44478200820936503,0.6636523253845799,0.38946873751092564,0.011582052942156196,-0.0019739847694477675,0.005381194767152486
2019-01,114.4403,1122.0,108.9211111,-0.015355075173062005,-0.000801817495851509,-0.03297605744520471,0.014553257677210496,-0.017620982272142705,0.0321742399493532,0.18745826939468568,0.719103253708792,0.2651143251091247,0.00037266723012407965,-0.005045580729174048,-0.0071759517978771115
2019-02,114.4106,1122.45,110.3477778,-0.000259557643572883,0.00040098911183594765,0.01301312593790449,0.0006605467554088307,0.013272683581477374,-0.012612136826068543,0.29649374728466255,0.6168374891638667,0.4071598117456975,-0.015355075173062005,-0.000801817495851509,-0.03297605744520471
2019-03,114.7823,1130.72,111.206,0.003243558817727532,0.007340801748067172,0.007747342438961802,0.00409724293033964,0.00450378362123427,-0.0004065406908946301,0.2834134595729206,0.638441152696726,0.32153832319662556,-0.000259557643572883,0.00040098911183594765,0.01301312593790449
2019-04,114.9024,1140.95,111.6638095,0.0010457815513680302,0.009006650749888934,0.004108319067054111,0.007960869198520903,0.0030625375156860812,0.004898331682834822,0.2346618478546665,0.6933861250091322,0.4133756986913418,0.003243558817727532,0.007340801748067172,0.007747342438961802
2019-05,115.957,1183.29,109.8533333,0.009136360363774187,0.036437445720090444,-0.016346513786605676,0.027301085356316257,-0.025482874150379864,0.05278395950669612,0.32552546374682756,0.4822569751964121,-0.001226198624736362,0.0010457815513680302,0.009006650749888934,0.004108319067054111
2019-06,115.4279,1175.62,108.057,-0.004573340111616808,-0.0065030264231582535,-0.01648727679955453,-0.0019296863115414453,-0.01191393668793772,0.009984250376396275,0.34022527504297173,0.5665220953660519,0.08813976034449687,0.009136360363774187,0.036437445720090444,-0.016346513786605676
2019-07,115.0785,1175.31,108.2404762,-0.0030315884296276963,-0.0002637254208304185,0.001696517659195429,0.0027678630087972778,0.004728106088823125,-0.0019602430800258475,0.4047014127409432,0.5626191250008314,-0.09362409992103643,-0.004573340111616808,-0.0065030264231582535,-0.01648727679955453
2019-08,117.102,1208.98,106.2728571,0.017430845689566432,0.02824508631223921,-0.01834547302010492,0.010814240622672777,-0.03577631870967135,0.04659055933234413,0.615039069973472,0.2739896960466141,-0.24700360924455306,-0.0030315884296276963,-0.0002637254208304185,0.001696517659195429
2019-09,117.3256,1197.55,107.4822222,0.0019076257898582583,-0.0094992258139186,0.011315548692681254,-0.011406851603776857,0.009407922902822996,-0.020814774506599854,0.5904267669420277,0.2653991725103036,-0.30031983534180395,0.017430845689566432,0.02824508631223921,-0.01834547302010492
2019-10,116.7479,1184.13,108.1233333,-0.004936066431776354,-0.011269475352889025,0.00594709155870099,-0.006333408921112671,0.010883157990477343,-0.017216566911590014,0.6155009037434278,0.17875337845598796,-0.37115390787230723,0.0019076257898582583,-0.0094992258139186,0.011315548692681254
2019-11,116.5605,1167.45,108.7933333,-0.0016064577212144826,-0.014186444640460039,0.0061775071615244315,-0.012579986919245556,0.007783964882738914,-0.02036395180198447,0.7000064880415661,0.0982359037184585,-0.3991998497925438,-0.004936066431776354,-0.011269475352889025,0.00594709155870099
2019-12,115.9107,1175.84,109.1547368,-0.005590384463249443,0.007160902707054717,0.0033164214859073837,0.01275128717030416,0.008906805949156826,0.0038444812211473334,0.6783164613073713,0.06945877488038042,-0.4058307393921052,-0.0016064577212144826,-0.014186444640460039,0.0061775071615244315
2020-01,115.2786,1164.28,109.2847368,-0.005468259777420492,-0.009879915588470567,0.001190261203301013,-0.004411655811050075,0.006658520980721505,-0.01107017679177158,0.7884815631351183,-0.5024175899955294,-0.6084412100617104,-0.005590384463249443,0.007160902707054717,0.0033164214859073837
2020-02,116.7095,1193.79,109.9735294,0.012336134018728018,0.025030249894876455,0.006282954597850221,0.012694115876148437,-0.006053179420877797,0.018747295297026234,0.8200547738258285,-0.37425181768572224,-0.5043989553114956,-0.005468259777420492,-0.009879915588470567,0.001190261203301013
2020-03,121.0285,1220.09,107.2928571,0.03633811376024898,0.021791506411228845,-0.02467761702603699,-0.014546607349020135,-0.06101573078628597,0.046469123437265836,0.6952634481195925,-0.6464085281355798,-0.5767779736695529,0.012336134018728018,0.025030249894876455,0.006282954597850221
2020-04,123.2894,1225.23,107.93,0.018508382241582133,0.004203954958888367,0.005920790847945945,-0.014304427282693766,-0.012587591393636188,-0.0017168358890575774,0.6600907416769404,-0.5311852387577054,-0.5876992721861513,0.03633811376024898,0.021791506411228845,-0.02467761702603699
2020-05,122.6238,1228.67,107.2917647,-0.005413305388954015,0.002803702068881364,-0.005930972379044164,0.008217007457835379,-0.0005176669900901487,0.008734674447925528,0.7192888235745397,-0.4956530793496978,-0.5045485609573191,0.018508382241582133,0.004203954958888367,0.005920790847945945
2020-06,119.6845,1210.01,107.555,-0.024262018118248463,-0.015303659506519907,0.00245044817954998,0.008958358611728556,0.026712466297798443,-0.017754107686069887,0.7483359358083252,-0.5844079338226216,-0.633885278162354,-0.005413305388954015,0.002803702068881364,-0.005930972379044164
2020-07,118.7004,1198.9,106.6973684,-0.008256442336796788,-0.009224154305838006,-0.008005850176846963,-0.0009677119690412184,0.0002505921599498251,-0.0012183041289910435,0.7599493810694118,-0.5162741929632414,-0.5637115488786598,-0.024262018118248463,-0.015303659506519907,0.00245044817954998
2020-08,116.9576,1186.85,106.0415,-0.01479119549478547,-0.010101731086646915,-0.006165967534705885,0.004689464408138555,0.008625227960079584,-0.0039357635519410294,0.7564593670291403,-0.36405218843001386,-0.35770479553316026,-0.008256442336796788,-0.009224154305838006,-0.008005850176846963
2020-09,116.3534,1178.8,105.6905556,-0.005179364459277025,-0.006805766763421595,-0.0033149890354318146,-0.0016264023041445697,0.0018643754238452104,-0.00349077772798978,0.7791432435689584,-0.4000923895295811,-0.3060234458883849,-0.01479119549478547,-0.010101731086646915,-0.006165967534705885
2020-10,115.7882,1144.68,105.222381,-0.004869451376348977,-0.02937184991842212,-0.004439513066343714,-0.024502398542073145,0.0004299383100052623,-0.024932336852078407,0.704756223399793,-0.3842554418580405,-0.18024945135531176,-0.005179364459277025,-0.006805766763421595,-0.0033149890354318146
2020-11,114.1033,1116.76,104.4264706,-0.014658481671421697,-0.0246934861973509,-0.007592831705785841,-0.010035004525929203,0.007065649965635856,-0.01710065449156506,0.7377609233124774,-0.34256915415358496,-0.04689417735128216,-0.004869451376348977,-0.02937184991842212,-0.004439513066343714
2020-12,111.9051,1095.13,103.8888235,-0.019452987761231277,-0.019558558082812816,-0.005161870578142214,-0.00010557032158153845,0.014291117183089064,-0.014396687504670602,0.787747420211028,-0.3080917931867693,-0.09008096341935806,-0.014658481671421697,-0.0246934861973509,-0.007592831705785841
2021-01,111.4953,1097.49,103.6961111,-0.003668753141447212,0.002152676625549965,-0.0018567094547004004,0.005821429766997177,0.0018120436867468115,0.004009386080250366,0.7782689387520213,-0.30547987744232996,-0.06288306360539764,-0.019452987761231277,-0.019558558082812816,-0.005161870578142214
2021-02,112.0275,1111.72,105.3741176,0.004761939325054421,0.01288261125229262,0.01605242929842543,0.008120671927238199,0.01129048997337101,-0.0031698180461328107,0.7720762381114341,-0.26464614261252345,-0.024950722006370923,-0.003668753141447212,0.002152676625549965,-0.0018567094547004004
2021-03,113.3497,1131.02,108.6495652,0.011733353410007474,0.017211514882933265,0.030610662469428007,0.005478161472925791,0.018877309059420533,-0.013399147586494742,0.7118465960335045,0.6301854035624103,0.7303845334978385,0.004761939325054421,0.01288261125229262,0.01605242929842543
2021-04,112.6426,1119.4,109.1342857,-0.006257755750725735,-0.010327052968469808,0.004451398011276808,-0.004069297217744072,0.010709153762002543,-0.014778450979746616,0.736553389995775,0.697566506332121,0.7147845978493058,0.011733353410007474,0.017211514882933265,0.030610662469428007
2021-05,111.2252,1123.28,109.11,-0.012662999682324205,0.003460149349127306,-0.0002225551979275764,0.01612314903145151,0.012440444484396629,0.0036827045470548825,0.6787252084832391,0.7227783240943909,0.7571279899826316,-0.006257755750725735,-0.010327052968469808,0.004451398011276808
2021-06,111.5888,1121.3,110.1059091,0.00326371164064998,-0.001764250339552298,0.00908616492115577,-0.005027961980202278,0.0058224532805057905,-0.010850415260708068,0.6896917099378743,0.8587477467696578,0.77527164332926,-0.012662999682324205,0.003460149349127306,-0.0002225551979275764
2021-07,113.0721,1143.98,110.1661111,0.013204981852325659,0.020024683802605026,0.0005466150575488271,0.0068197019502793665,-0.012658366794776832,0.0194780687450562,0.7630258947843788,0.714957781563402,0.6662833835592782,0.00326371164064998,-0.001764250339552298,0.00908616492115577
2021-08,113.4124,1160.34,109.8357143,0.0030050644179828723,0.014199655332822303,-0.003003584609258425,0.01119459091483943,-0.006008649027241297,0.017203239942080728,0.7750656539061771,0.6423944148004452,0.5691316888809199,0.013204981852325659,0.020024683802605026,0.0005466150575488271
2021-09,113.4532,1169.54,110.2188235,0.0003596843279884965,0.007897443487779654,0.003481951255334792,0.0075377591597911575,0.0031222669273462955,0.004415492232444862,0.7734277896849321,0.638394550176374,0.5566203693436852,0.0030050644179828723,0.014199655332822303,-0.003003584609258425
2021-10,114.0758,1182.82,113.127,0.005472722632640981,0.011290908774745922,0.026043387130031626,0.005818186142104942,0.020570664497390645,-0.014752478355285703,0.8711059441277902,0.640933270296038,0.5399669810413608,0.0003596843279884965,0.007897443487779654,0.003481951255334792
2021-11,115.0036,1182.91,114.0177778,0.008100292502139617,7.608645115375623e-05,0.00784330042845749,-0.00802420605098586,-0.0002569920736821274,-0.007767213977303733,0.7937678791221101,0.5682710285106806,0.43440697820194174,0.005472722632640981,0.011290908774745922,0.026043387130031626
2021-12,115.8172,1183.62,113.6164706,0.007049653839652059,0.0006000346678911583,-0.0035258983968669,-0.006449619171760901,-0.01057555223651896,0.004125933064758058,0.5779284769564176,0.3995050433211142,0.3379578954764603,0.008100292502139617,7.608645115375623e-05,0.00784330042845749
2022-01,115.0507,1194.01,114.8538889,-0.006640185286722833,0.008739851143023003,0.010832305796290242,0.015380036429745836,0.017472491083013075,-0.0020924546532672395,0.498800439662509,0.3016741872608761,0.315455330577528,0.007049653839652059,0.0006000346678911583,-0.0035258983968669
2022-02,115.0057,1198.34,115.21,-0.0003912084217079226,0.0036198756270433563,0.0030957608002619708,0.004011084048751279,0.0034869692219698933,0.0005241148267813855,0.4983347925466742,0.3001055776405743,0.2915845934076069,-0.006640185286722833,0.008739851143023003,0.010832305796290242
2022-03,116.2984,1221.03,118.5095455,0.011177609554010814,0.01875749907953761,0.028236960023641622,0.007579889525526795,0.017059350469630807,-0.009479460944104012,0.5021733292603423,0.27646832282097633,0.3043541939827213,-0.0003912084217079226,0.0036198756270433563,0.0030957608002619708
2022-04,117.1702,1232.34,126.2247619,0.007468276693836984,0.009220036212175486,0.06307063235547439,0.0017517595183385026,0.055602355661637404,-0.0538505961432989,0.3975216598984053,0.29106906407886507,0.21527739277593289,0.011177609554010814,0.01875749907953761,0.028236960023641622
2022-05,119.6926,1269.88,128.8783333,0.02129921083302655,0.030007606753758687,0.020804664171040876,0.008708395920732137,-0.0004945466619856731,0.00920294258271781,0.644909113384131,0.23467097824732538,0.2122201028176294,0.007468276693836984,0.009220036212175486,0.06307063235547439
2022-06,120.0269,1277.35,133.7957143,0.0027890948939184312,0.005865211554847427,0.037445309938266114,0.003076116660928996,0.03465621504434768,-0.03158009838341869,0.6631754946795565,0.16354897603298937,0.12217792213060089,0.02129921083302655,0.030007606753758687,0.020804664171040876
2022-07,122.7609,1307.4,136.7163158,0.022522676775841077,0.023252812824411606,0.021593974860816267,0.0007301360485705288,-0.0009287019150248099,0.0016588379635953387,0.7055924696438102,0.2464155069306173,0.22718630835602055,0.0027890948939184312,0.005865211554847427,0.037445309938266114
2022-08,122.3262,1318.44,135.2422727,-0.003547314043333749,0.00840878732216055,-0.01084030876135067,0.011956101365494298,-0.007292994718016921,0.01924909608351122,0.7117409915492191,0.33170105982511966,0.28695228598910716,0.022522676775841077,0.023252812824411606,0.021593974860816267
2022-09,125.5999,1391.59,143.29,0.026410210795810407,0.05399775877819657,0.05780276609065993,0.027587547982386162,0.03139255529484952,-0.00380500731246336,0.7902956932297527,0.489112167002919,0.5427945955373846,-0.003547314043333749,0.00840878732216055,-0.01084030876135067
2022-10,127.4828,1426.66,147.0145,0.014879995682171021,0.024889069720631873,0.02566067264145655,0.010009074038460852,0.010780676959285529,-0.0007716029208246766,0.7958065548463482,0.49841361712012017,0.5481644006696565,0.026410210795810407,0.05399775877819657,0.05780276609065993
2022-11,124.8627,1364.1,142.82,-0.02076671991868473,-0.04484117750054395,-0.02894612524900353,-0.02407445758185922,-0.0081794053303188,-0.01589505225154042,0.8978042351516143,0.6769820009246059,0.7072776929694891,0.014879995682171021,0.024889069720631873,0.02566067264145655
2022-12,122.2476,1296.22,135.4223529,-0.021166237358491102,-0.051042533906859866,-0.053186661380554945,-0.029876296548368764,-0.03202042402206384,0.002144127473695079,0.9290772393867175,0.7907861147688418,0.8192381205151352,-0.02076671991868473,-0.04484117750054395,-0.02894612524900353
2023-01,119.8133,1247.25,130.3444444,-0.020113798377225933,-0.038511208851067735,-0.038217915905931044,-0.018397410473841802,-0.01810411752870511,-0.0002932929451366917,0.9632692064863408,0.8385483237984547,0.8509756736178321,-0.021166237358491102,-0.051042533906859866,-0.053186661380554945
2023-02,120.3366,1270.74,132.5861111,0.0043581182275014285,0.018658280186418352,0.017051810595774874,0.014300161958916924,0.012693692368273446,0.0016064695906434778,0.9583661732413258,0.8374169129800229,0.8502962982864417,-0.020113798377225933,-0.038511208851067735,-0.038217915905931044
2023-03,120.8071,1305.73,133.8504545,0.0039022424972712244,0.02716286340383789,0.009490836122424184,0.023260620906566665,0.00558859362515296,0.017672027281413705,0.9397941508226084,0.8340682167279379,0.8281011305398699,0.0043581182275014285,0.018658280186418352,0.017051810595774874
2023-04,119.3744,1320.01,133.334,-0.011930285997726386,0.010877040977892882,-0.0038659071253048793,0.02280732697561927,0.008064378872421507,0.014742948103197762,0.8990858462687498,0.8890645286133394,0.9053304694203297,0.0039022424972712244,0.02716286340383789,0.009490836122424184
2023-05,119.7956,1328.21,137.1942105,0.003522184516811855,0.00619285875557285,0.02854025845220587,0.002670674238760995,0.025018073935394014,-0.02234739969663302,0.8978038620863298,0.8933222822423262,0.8869089778036516,-0.011930285997726386,0.010877040977892882,-0.0038659071253048793
2023-06,119.5789,1296.71,141.1585714,-0.0018105525793021826,-0.024001883655754064,0.02848636144556238,-0.02219133107645188,0.030296914024864563,-0.052488245101316444,0.8784225191846724,0.8902754470751402,0.8171823326353101,0.003522184516811855,0.00619285875557285,0.02854025845220587
2023-07,118.4119,1286.3,140.8416667,-0.009807180391566028,-0.008060407324445684,-0.0022475501122860564,0.001746773067120344,0.007559630279279972,-0.005812857212159628,0.8940090854246364,0.9191479590606627,0.8117835932943612,-0.0018105525793021826,-0.024001883655754064,0.02848636144556238
2023-08,120.2177,1318.47,144.7722727,0.015135041679727124,0.0247020933212605,0.02752564652435563,0.009567051641533375,0.012390604844628506,-0.0028235532030951305,0.9022616503117942,0.9236581717012073,0.843227204692613,-0.009807180391566028,-0.008060407324445684,-0.0022475501122860564
2023-09,121.9827,1329.47,147.7515789,0.014574965563609155,0.008308393148541704,0.020370367786315846,-0.006266572415067451,0.0057954022227066915,-0.012061974637774142,0.8429223948534588,0.886969662019794,0.7920886375187747,0.015135041679727124,0.0247020933212605,0.02752564652435563
2023-10,123.7914,1350.69,149.5266667,0.014718659555959412,0.015835206416320524,0.01194240697596971,0.0011165468603611117,-0.002776252579989702,0.0038927994403508137,0.8283728565259986,0.8560183426122819,0.7768779965210239,0.014574965563609155,0.008308393148541704,0.020370367786315846
2023-11,121.5369,1310.39,149.8394737,-0.01837997057981955,-0.030290770158736713,0.002089796216928619,-0.011910799578917164,0.020469766796748168,-0.03238056637566533,0.813931812892027,0.7838885431770144,0.7096110538973044,0.014718659555959412,0.015835206416320524,0.01194240697596971
2023-12,120.1585,1303.98,144.69375,-0.011406215793291707,-0.004903676866389262,-0.034945105824538025,0.006502538926902446,-0.023538890031246318,0.030041428958148764,0.758829590750388,0.7346464211576211,0.48307244014092804,-0.01837997057981955,-0.030290770158736713,0.002089796216928619
2024-01,120.5769,1323.57,146.6511111,0.003476019075580261,0.014911505387082968,0.013436932045660654,0.011435486311502707,0.009960912970080393,0.0014745733414223139,0.6826181187982466,0.6468677667774504,0.22228090137840414,-0.011406215793291707,-0.004903676866389262,-0.034945105824538025
2024-02,121.4155,1331.74,149.3866667,0.006930823917903339,0.006153726519328551,0.018481651129276244,-0.0007770973985747887,0.011550827211372905,-0.012327924609947694,0.6768861514792945,0.6510815869296672,0.20326973703082446,0.003476019075580261,0.014911505387082968,0.013436932045660654
2024-03,121.0413,1330.69,149.625,-0.0030867379022829766,-0.0007887531724302121,0.0015941408113144817,0.0022979847298527645,0.004680878713597458,-0.002382893983744694,0.7067498108227764,0.6577011999479557,0.23042292836487,0.006930823917903339,0.006153726519328551,0.018481651129276244
2024-04,122.5142,1367.83,153.4333333,0.01209513196053269,0.02752793777496798,0.02513399805969918,0.015432805814435291,0.01303886609916649,0.0023939397152688002,0.8352657341714281,0.6567522081402822,0.3486808030894912,-0.0030867379022829766,-0.0007887531724302121,0.0015941408113144817
2024-05,122.2444,1365.39,156.103,-0.002204622099301723,-0.0017854403583950074,0.017249883848589498,0.00041918174090671556,0.01945450594789122,-0.019035324206984505,0.8358188073026994,0.6541661884303557,0.33589702412852707,0.01209513196053269,0.02752793777496798,0.02513399805969918
2024-06,124.0309,1380.13,157.8210526,0.014508408575056642,0.01073759551676634,0.010945766907842547,-0.003770813058290301,-0.003562641667214095,-0.0002081713910762062,0.8835362039090673,0.7000655862746441,0.575788739958668,-0.002204622099301723,-0.0017854403583950074,0.017249883848589498
2024-07,123.7208,1383.38,157.7425,-0.002503314099874032,0.00235208231439632,-0.0004978559847943487,0.004855396414270352,0.0020054581150796835,0.0028499382991906685,0.8727913499494606,0.6923909677890683,0.553618976545232,0.014508408575056642,0.01073759551676634,0.010945766907842547
2024-08,122.8802,1354.15,146.2328571,-0.006817517007791096,-0.021355828725547532,-0.07576369387814541,-0.014538311717756436,-0.06894617687035431,0.05440786515259788,0.8500547369362909,0.5519439657247953,0.624814808675901,-0.002503314099874032,0.00235208231439632,-0.0004978559847943487
2024-09,122.1296,1334.82,143.2205556,-0.0061271210231295115,-0.014377499918738046,-0.020814473913599585,-0.008250378895608534,-0.014687352890470073,0.006436973994861539,0.8746710762198678,0.5389520666446259,0.6371530188705796,-0.006817517007791096,-0.021355828725547532,-0.07576369387814541
2024-10,123.831,1361.0,149.6263636,0.01383495680282465,0.019423272368368494,0.043755488369172646,0.005588315565543844,0.029920531566347996,-0.024332216000804152,0.8849954951260168,0.6150809418476272,0.680373874386129,-0.0061271210231295115,-0.014377499918738046,-0.020814473913599585
2024-11,126.5329,1393.38,154.0355556,0.02158462062236577,0.023512726461320632,0.029042178997402246,0.0019281058389548633,0.007457558375036477,-0.005529452536081614,0.8519852877404351,0.7508408258603749,0.8557964064794823,0.01383495680282465,0.019423272368368494,0.043755488369172646
2024-12,127.814,1434.42,152.5175,0.010073728705310536,0.029028136193034904,-0.009904112722225022,0.018954407487724367,-0.01997784142753556,0.038932248915259926,0.8468515880557742,0.6650746186374243,0.7088909963108689,0.02158462062236577,0.023512726461320632,0.029042178997402246
2025-01,129.0413,1455.79,156.4088235,0.009556426052167666,0.014788122279321136,0.025193899198204583,0.005231696227153471,0.015637473146036918,-0.010405776918883447,0.866445271458555,0.6810920520923951,0.7122384388962105,0.010073728705310536,0.029028136193034904,-0.009904112722225022
2025-02,128.0665,1445.56,151.9658824,-0.007582847901761447,-0.0070519188615056905,-0.02881720500318785,0.0005309290402557565,-0.021234357101426404,0.02176528614168216,0.8763138529075716,0.7145898720336322,0.7447522621481258,0.009556426052167666,0.014788122279321136,0.025193899198204583
2025-03,126.4864,1456.95,149.175,-0.01241486775343148,0.007848419792812145,-0.01853592434895024,0.020263287546243625,-0.006121056595518759,0.026384344141762384,0.7764277811274911,0.7240548814273866,0.7402750572808454,-0.007582847901761447,-0.0070519188615056905,-0.02881720500318785
2025-04,124.4557,1444.31,144.3871429,-0.016184963215089887,-0.008713510663997504,-0.03262192900218874,0.0074714525510923835,-0.016436965787098856,0.02390841833819124,0.7761773192890371,0.7269235332981145,0.7416029894683442,-0.01241486775343148,0.007848419792812145,-0.01853592434895024
2025-05,122.6869,1394.49,144.8789474,-0.014314247740503383,-0.03510294183966245,0.0034003638197823705,-0.020788694099159066,0.017714611560285753,-0.03850330565944482,0.7931651436517975,0.6800504309820122,0.5774860172726519,-0.016184963215089887,-0.008713510663997504,-0.03262192900218874
2025-06,120.9747,1366.95,144.458,-0.014054148725858084,-0.019946776402543165,-0.002909740361759283,-0.0058926276766850805,0.011144408364098801,-0.01703703604078388,0.8181892005477175,0.6286426023203368,0.527496295744003,-0.014314247740503383,-0.03510294183966245,0.0034003638197823705
2025-07,120.5266,1375.22,146.8109524,-0.0037109573674314333,0.006031737691791328,0.016156913162851616,0.009742695059222761,0.01986787053028305,-0.010125175471060288,0.8110585509151269,0.6077538058241444,0.5329029849861312,-0.014054148725858084,-0.019946776402543165,-0.002909740361759283
2025-08,120.9844,1389.66,147.67,0.003791136207617285,0.010445394585638645,0.005834333458850871,0.0066542583780213604,0.002043197251233586,0.004611061126787774,0.8264156668422764,0.7220301593367808,0.4531035755011657,-0.0037109573674314333,0.006031737691791328,0.016156913162851616
2025-09,120.4534,1391.83,147.97,-0.004398655522510175,0.001560315111866828,0.002029496028760569,0.005958970634377003,0.006428151551270744,-0.0004691809168937411,0.8300848424715684,0.7207945228010435,0.4084088557228112,0.003791136207617285,0.010445394585638645,0.005834333458850871
2025-10,121.1712,1423.36,151.28,0.005941465493063625,0.02240084574251089,0.02212287383575884,0.016459380249447264,0.016181408342695214,0.0002779719067520503,0.8230731163478481,0.6824011989534835,0.3917711615146797,-0.004398655522510175,0.001560315111866828,0.002029496028760569
2025-11,121.8038,1457.77,155.0,0.005207131839660484,0.0238875970397201,0.02429269256904476,0.018680465200059615,0.019085560729384277,-0.00040509552932466164,0.8460782222894973,0.6238753050723799,0.38138095460607263,0.005941465493063625,0.02240084574251089,0.02212287383575884
2025-12,120.5723,1467.4,155.89,-0.010161980472821242,0.006584256498119778,0.005725513405343108,0.01674623697094102,0.01588749387816435,0.0008587430927766704,0.7796849428122896,0.7510269702072937,0.5063245154803586,0.005207131839660484,0.0238875970397201,0.02429269256904476
