Date,US_Interest_Rate,KR_Interest_Rate,JP_Interest_Rate,US_GDP,KR_GDP,JP_GDP,US_CPI,KR_CPI,JP_CPI,US_Employment,KR_Employment,JP_Employment,US_Unemployment,KR_Unemployment,JP_Unemployment,US_Trade_Balance,KR_Trade_Balance,JP_Trade_Balance
2011-01,0.17,2.66,0.085,3837862.0,355795000.0,125410750.0,0.4763,1.1885,-0.1,130837.0,23714100.0,63116670.0,9.1,3.6667,4.7333,-48123.0,12689740000000.0,744358000000.0
2011-02,0.16,2.75,0.093,3837862.0,355795000.0,125410750.0,0.4931,0.6841,0.0,131056.0,23714100.0,63116670.0,9.0,3.6667,4.7333,-44753.0,12689740000000.0,744358000000.0
2011-03,0.14,2.92,0.085,3837862.0,355795000.0,125410750.0,0.9751,0.3892,0.3,131282.0,23714100.0,63116670.0,9.0,3.6667,4.7333,-44312.0,12689740000000.0,744358000000.0
2011-04,0.1,3.01,0.062,3889384.8,358455700.0,123585300.0,0.6439,0.0975,0.1,131597.0,24861000.0,62846670.0,9.1,3.3333,4.6667,-42685.0,5879612000000.0,-1653094000000.0
2011-05,0.09,3.02,0.069,3889384.8,358455700.0,123585300.0,0.4704,0.1926,0.0,131704.0,24861000.0,62846670.0,9.0,3.3333,4.6667,-47725.0,5879612000000.0,-1653094000000.0
2011-06,0.09,3.2,0.069,3889384.8,358455700.0,123585300.0,-0.1071,0.1933,-0.2,131931.0,24861000.0,62846670.0,9.1,3.3333,4.6667,-49882.0,5879612000000.0,-1653094000000.0
2011-07,0.07,3.26,0.073,3911920.0,363290800.0,126142275.0,0.0886,0.4818,0.0,131993.0,24773700.0,62833330.0,9.0,3.3,4.4667,-46070.0,7814139000000.0,-665751000000.0
2011-08,0.1,3.25,0.081,3911920.0,363290800.0,126142275.0,0.2758,0.6715,0.1,132125.0,24773700.0,62833330.0,9.0,3.3,4.4667,-45052.0,7814139000000.0,-665751000000.0
2011-09,0.08,3.25,0.08,3911920.0,363290800.0,126142275.0,0.1518,-0.0959,0.0,132344.0,24773700.0,62833330.0,9.0,3.3,4.4667,-43477.0,7814139000000.0,-665751000000.0
2011-10,0.07,3.24,0.081,3960564.8,371034100.0,126270050.0,-0.2063,-0.1898,0.1,132553.0,24756970.0,62933330.0,8.8,3.2333,4.4667,-45509.0,8207527000000.0,-1165549000000.0
2011-11,0.08,3.26,0.077,3960564.8,371034100.0,126270050.0,-0.0844,0.0951,-0.6,132690.0,24756970.0,62933330.0,8.6,3.2333,4.4667,-47460.0,8207527000000.0,-1165549000000.0
2011-12,0.07,3.26,0.078,3960564.8,371034100.0,126270050.0,-0.2467,0.3811,0.0,132888.0,24756970.0,62933330.0,8.5,3.2333,4.4667,-49473.0,8207527000000.0,-1165549000000.0
2012-01,0.08,3.26,0.08,4017201.3,373759200.0,128038600.0,0.44,0.3994,0.2,133245.0,24222900.0,62770000.0,8.3,3.3,4.5,-50126.0,6966941000000.0,-1323598000000.0
2012-02,0.1,3.25,0.085,4017201.3,373759200.0,128038600.0,0.4403,0.3792,0.2,133508.0,24222900.0,62770000.0,8.3,3.3,4.5,-42780.0,6966941000000.0,-1323598000000.0
2012-03,0.13,3.25,0.084,4017201.3,373759200.0,128038600.0,0.7595,0.0284,0.5,133748.0,24222900.0,62770000.0,8.2,3.3,4.5,-49749.0,6966941000000.0,-1323598000000.0
2012-04,0.14,3.25,0.075,4051778.8,374345700.0,126240100.0,0.3021,-0.0098,0.1,133825.0,25299970.0,62733330.0,8.2,3.2,4.4,-46842.0,7636460000000.0,-1972897000000.0
2012-05,0.16,3.26,0.084,4051778.8,374345700.0,126240100.0,-0.1173,0.179,-0.3,133933.0,25299970.0,62733330.0,8.2,3.2,4.4,-45106.0,7636460000000.0,-1972897000000.0
2012-06,0.16,3.26,0.076,4051778.8,374345700.0,126240100.0,-0.1466,-0.1417,-0.5,134012.0,25299970.0,62733330.0,8.2,3.2,4.4,-42941.0,7636460000000.0,-1972897000000.0
2012-07,0.16,3.08,0.084,4079885.3,376166800.0,125664575.0,-0.163,-0.2259,-0.3,134157.0,25251630.0,62820000.0,8.2,3.1667,4.2333,-42406.0,8420468000000.002,-1847253000000.0
2012-08,0.13,3.0,0.086,4079885.3,376166800.0,125664575.0,0.5565,0.4626,0.1,134338.0,25251630.0,62820000.0,8.1,3.1667,4.2333,-44030.0,8420468000000.002,-1847253000000.0
2012-09,0.14,2.99,0.085,4079885.3,376166800.0,125664575.0,0.4462,0.7153,0.1,134517.0,25251630.0,62820000.0,7.8,3.1667,4.2333,-38794.0,8420468000000.002,-1847253000000.0
2012-10,0.16,2.8,0.085,4105104.8,380402400.0,125581900.0,-0.0389,-0.187,0.0,134668.0,25044670.0,62850000.0,7.8,3.1333,4.1667,-41467.0,10423760000000.0,-1766698000000.0
2012-11,0.16,2.75,0.086,4105104.8,380402400.0,125581900.0,-0.4738,-0.3552,-0.4,134825.0,25044670.0,62850000.0,7.7,3.1333,4.1667,-45332.0,10423760000000.0,-1766698000000.0
2012-12,0.16,2.75,0.082,4105104.8,380402400.0,125581900.0,-0.2693,0.1782,0.0,135074.0,25044670.0,62850000.0,7.9,3.1333,4.1667,-36334.0,10423760000000.0,-1766698000000.0
2013-01,0.14,2.76,0.083,4162047.3,385330900.0,127103025.0,0.2957,0.5999,0.1,135257.0,24412430.0,63036670.0,8.0,3.1333,4.2,-40135.0,10262560000000.0,-2566885000000.0
2013-02,0.15,2.75,0.08,4162047.3,385330900.0,127103025.0,0.819,0.3343,-0.2,135545.0,24412430.0,63036670.0,7.7,3.1333,4.2,-41004.0,10262560000000.0,-2566885000000.0
2013-03,0.14,2.74,0.08,4162047.3,385330900.0,127103025.0,0.2615,-0.0924,0.2,135689.0,24412430.0,63036670.0,7.5,3.1333,4.2,-34314.0,10262560000000.0,-2566885000000.0
2013-04,0.15,2.75,0.07,4182171.8,390551300.0,128300500.0,-0.104,-0.1388,0.3,135873.0,25539330.0,63180000.0,7.6,3.0333,4.0333,-38487.0,13374490000000.0,-2731399000000.0
2013-05,0.11,2.55,0.07,4182171.8,390551300.0,128300500.0,0.178,0.0,0.1,136095.0,25539330.0,63180000.0,7.5,3.0333,4.0333,-41701.0,13374490000000.0,-2731399000000.0
2013-06,0.09,2.49,0.07,4182171.8,390551300.0,128300500.0,0.24,-0.1217,0.0,136279.0,25539330.0,63180000.0,7.5,3.0333,4.0333,-34426.0,13374490000000.0,-2731399000000.0
2013-07,0.09,2.48,0.07,4238459.5,395650500.0,129737350.0,0.0394,0.2146,0.2,136391.0,25631870.0,63246670.0,7.3,3.1333,3.9333,-36356.0,13421610000000.0,-2557666000000.0
2013-08,0.08,2.5,0.07,4238459.5,395650500.0,129737350.0,0.1203,0.3541,0.3,136646.0,25631870.0,63246670.0,7.2,3.1333,3.9333,-36617.0,13421610000000.0,-2557666000000.0
2013-09,0.08,2.5,0.07,4238459.5,395650500.0,129737350.0,0.1163,0.1941,0.3,136821.0,25631870.0,63246670.0,7.2,3.1333,3.9333,-39917.0,13421610000000.0,-2557666000000.0
2013-10,0.09,2.5,0.07,4298004.8,399405500.0,129675425.0,-0.2575,-0.3051,0.1,137041.0,25613800.0,63590000.0,7.2,3.1333,3.8667,-36285.0,12899120000000.0,-3667727000000.0
2013-11,0.08,2.5,0.07,4298004.8,399405500.0,129675425.0,-0.2042,-0.0193,0.0,137316.0,25613800.0,63590000.0,6.9,3.1333,3.8667,-33983.0,12899120000000.0,-3667727000000.0
2013-12,0.09,2.5,0.07,4298004.8,399405500.0,129675425.0,-0.0086,0.1214,0.1,137373.0,25613800.0,63590000.0,6.7,3.1333,3.8667,-33636.0,12899120000000.0,-3667727000000.0
2014-01,0.07,2.5,0.07,4299434.5,405391600.0,131039875.0,0.372,0.5374,-0.2,137561.0,25209730.0,63513330.0,6.6,3.3667,3.6667,-37433.0,10054690000000.0,-4745218000000.0
2014-02,0.07,2.49,0.08,4299434.5,405391600.0,131039875.0,0.3698,0.2667,0.0,137712.0,25209730.0,63513330.0,6.7,3.3667,3.6667,-40119.0,10054690000000.0,-4745218000000.0
2014-03,0.08,2.48,0.07,4299434.5,405391600.0,131039875.0,0.644,0.1841,0.3,137985.0,25209730.0,63513330.0,6.7,3.3667,3.6667,-42940.0,10054690000000.0,-4745218000000.0
2014-04,0.09,2.49,0.06,4379627.0,407901800.0,131805950.0,0.3297,0.0648,2.1,138297.0,26091570.0,63710000.0,6.2,3.5333,3.6333,-43735.0,12467340000000.0,-3074822000000.0
2014-05,0.09,2.49,0.07,4379627.0,407901800.0,131805950.0,0.3493,0.1645,0.4,138512.0,26091570.0,63710000.0,6.3,3.5333,3.6333,-39575.0,12467340000000.0,-3074822000000.0
2014-06,0.1,2.48,0.07,4379627.0,407901800.0,131805950.0,0.1862,-0.1282,-0.1,138849.0,26091570.0,63710000.0,6.1,3.5333,3.6333,-38895.0,12467340000000.0,-3074822000000.0
2014-07,0.09,2.49,0.07,4451057.0,409878000.0,132028550.0,-0.039,0.1464,0.0,139073.0,26225530.0,63763330.0,6.2,3.5333,3.5667,-38935.0,10420290000000.0,-2776468000000.0
2014-08,0.09,2.34,0.07,4451057.0,409878000.0,132028550.0,-0.1671,0.1748,0.2,139269.0,26225530.0,63763330.0,6.1,3.5333,3.5667,-36935.0,10420290000000.0,-2776468000000.0
2014-09,0.09,2.23,0.07,4451057.0,409878000.0,132028550.0,0.0753,-0.0645,0.2,139563.0,26225530.0,63763330.0,5.9,3.5333,3.5667,-41672.0,10420290000000.0,-2776468000000.0
2014-10,0.09,2.06,0.06,4478019.8,415313300.0,133221225.0,-0.2512,-0.3016,-0.3,139797.0,26062000.0,63863330.0,5.7,3.5667,3.4667,-41067.0,18467310000000.0,-2116770000000.0
2014-11,0.09,1.98,0.06,4478019.8,415313300.0,133221225.0,-0.5399,-0.2017,-0.4,140090.0,26062000.0,63863330.0,5.8,3.5667,3.4667,-39808.0,18467310000000.0,-2116770000000.0
2014-12,0.12,1.99,0.07,4478019.8,415313300.0,133221225.0,-0.567,-0.0096,0.1,140364.0,26062000.0,63863330.0,5.6,3.5667,3.4667,-42838.0,18467310000000.0,-2116770000000.0
2015-01,0.11,1.99,0.07,4515882.3,428801500.0,136414000.0,-0.4706,0.6776,-0.2,140568.0,25542900.0,63913330.0,5.7,3.5333,3.5,-38865.0,28748590000000.0,-1067517000000.0
2015-02,0.11,1.99,0.08,4515882.3,428801500.0,136414000.0,0.4343,-0.0592,-0.2,140827.0,25542900.0,63913330.0,5.5,3.5333,3.5,-33903.0,28748590000000.0,-1067517000000.0
2015-03,0.11,1.82,0.07,4515882.3,428801500.0,136414000.0,0.5952,0.0095,0.3,140923.0,25542900.0,63913330.0,5.4,3.5333,3.5,-48732.0,28748590000000.0,-1067517000000.0
2015-04,0.12,1.73,0.06,4569946.0,432478700.0,137210350.0,0.2033,0.0307,0.5,141196.0,26341370.0,63916670.0,5.4,3.7,3.3667,-39836.0,24689260000000.0,-687182000000.0
2015-05,0.12,1.74,0.07,4569946.0,432478700.0,137210350.0,0.5097,0.2801,0.2,141538.0,26341370.0,63916670.0,5.6,3.7,3.3667,-38502.0,24689260000000.0,-687182000000.0
2015-06,0.13,1.57,0.07,4569946.0,432478700.0,137210350.0,0.3503,0.02,-0.2,141709.0,26341370.0,63916670.0,5.3,3.7,3.3667,-42425.0,24689260000000.0,-687182000000.0
2015-07,0.13,1.48,0.07,4600406.5,438155400.0,137654050.0,0.0067,0.1802,-0.2,141991.0,26464530.0,64053330.0,5.2,3.6333,3.3667,-40340.0,24073270000000.0,-1037852000000.0002
2015-08,0.14,1.49,0.08,4600406.5,438155400.0,137654050.0,-0.1416,0.1399,0.1,142125.0,26464530.0,64053330.0,5.1,3.6333,3.3667,-44205.0,24073270000000.0,-1037852000000.0002
2015-09,0.14,1.48,0.07,4600406.5,438155400.0,137654050.0,-0.1557,-0.2594,0.1,142275.0,26464530.0,64053330.0,5.0,3.6333,3.3667,-41641.0,24073270000000.0,-1037852000000.0002
2015-10,0.12,1.48,0.08,4608784.3,441340300.0,137645725.0,-0.045,0.0,0.0,142579.0,26361970.0,64203330.0,5.0,3.5333,3.2667,-40873.0,26683260000000.0,-44494000000.0
2015-11,0.12,1.49,0.08,4608784.3,441340300.0,137645725.0,-0.2111,-0.1895,-0.4,142808.0,26361970.0,64203330.0,5.1,3.5333,3.2667,-40451.0,26683260000000.0,-44494000000.0
2015-12,0.24,1.48,0.07,4608784.3,441340300.0,137645725.0,-0.3417,0.2996,0.0,143077.0,26361970.0,64203330.0,5.0,3.5333,3.2667,-41003.0,26683260000000.0,-44494000000.0
2016-01,0.34,1.49,0.07,4631483.3,451429500.0,139366025.0,0.1653,0.1704,-0.3,143210.0,25747200.0,64400000.0,4.8,3.7333,3.2333,-40044.0,30025800000000.0,543991000000.0
2016-02,0.38,1.49,0.03,4631483.3,451429500.0,139366025.0,0.0823,0.4284,0.1,143407.0,25747200.0,64400000.0,4.9,3.7333,3.2333,-43306.0,30025800000000.0,543991000000.0
2016-03,0.36,1.49,-0.003,4631483.3,451429500.0,139366025.0,0.4306,-0.2583,0.1,143662.0,25747200.0,64400000.0,5.0,3.7333,3.2333,-36801.0,30025800000000.0,543991000000.0
2016-04,0.37,1.49,-0.036,4677925.5,458376000.0,138666725.0,0.4741,0.1887,0.2,143855.0,26551930.0,64536670.0,5.1,3.5667,3.1667,-38048.0,28750770000000.0,1370980000000.0
2016-05,0.37,1.49,-0.059,4677925.5,458376000.0,138666725.0,0.4046,0.0596,0.1,143900.0,26551930.0,64536670.0,4.8,3.5667,3.1667,-39032.0,28750770000000.0,1370980000000.0
2016-06,0.38,1.28,-0.055,4677925.5,458376000.0,138666725.0,0.3284,-0.0199,-0.1,144146.0,26551930.0,64536670.0,4.9,3.5667,3.1667,-41719.0,28750770000000.0,1370980000000.0
2016-07,0.39,1.23,-0.043,4723159.8,458234600.0,138794650.0,-0.1618,-0.1883,-0.2,144520.0,26719130.0,64890000.0,4.8,3.8667,3.0333,-39931.0,22286470000000.0,945189000000.0
2016-08,0.4,1.23,-0.043,4723159.8,458234600.0,138794650.0,0.0918,0.2578,0.0,144662.0,26719130.0,64890000.0,4.9,3.8667,3.0333,-40146.0,22286470000000.0,945189000000.0
2016-09,0.4,1.24,-0.052,4723159.8,458234600.0,138794650.0,0.2404,0.5958,0.2,144967.0,26719130.0,64890000.0,5.0,3.8667,3.0333,-37004.0,22286470000000.0,945189000000.0
2016-10,0.4,1.23,-0.037,4772344.8,464986500.0,138942150.0,0.1247,0.1371,0.6,145066.0,26618170.0,64993330.0,4.9,3.6,3.0,-38555.0,23308930000000.0,837221000000.0
2016-11,0.41,1.23,-0.049,4772344.8,464986500.0,138942150.0,-0.1555,-0.1473,0.0,145183.0,26618170.0,64993330.0,4.7,3.6,3.0,-43896.0,23308930000000.0,837221000000.0
2016-12,0.54,1.22,-0.044,4772344.8,464986500.0,138942150.0,0.0327,0.1091,-0.2,145408.0,26618170.0,64993330.0,4.7,3.6,3.0,-40976.0,23308930000000.0,837221000000.0
2017-01,0.65,1.24,-0.045,4820021.0,474680300.0,139790300.0,0.5828,1.0629,-0.2,145628.0,26100030.0,64993330.0,4.7,3.7,2.9,-43556.0,24072050000000.0,819447000000.0
2017-02,0.66,1.23,-0.038,4820021.0,474680300.0,139790300.0,0.3146,0.2732,-0.1,145848.0,26100030.0,64993330.0,4.6,3.7,2.9,-39785.0,24072050000000.0,819447000000.0
2017-03,0.79,1.23,-0.042,4820021.0,474680300.0,139790300.0,0.0813,-0.0686,0.1,145969.0,26100030.0,64993330.0,4.4,3.7,2.9,-41124.0,24072050000000.0,819447000000.0
2017-04,0.9,1.23,-0.054,4859660.8,478531800.0,140387125.0,0.2966,-0.1261,0.4,146174.0,26918670.0,65340000.0,4.4,3.6667,2.8667,-44227.0,30940040000000.0,653271000000.0
2017-05,0.91,1.23,-0.053,4859660.8,478531800.0,140387125.0,0.0855,0.1067,0.1,146380.0,26918670.0,65340000.0,4.4,3.6667,2.8667,-43985.0,30940040000000.0,653271000000.0
2017-06,1.04,1.24,-0.056,4859660.8,478531800.0,140387125.0,0.0907,-0.2132,-0.1,146583.0,26918670.0,65340000.0,4.3,3.6667,2.8667,-42579.0,30940040000000.0,653271000000.0
2017-07,1.15,1.24,-0.054,4923148.8,492808700.0,142452550.0,-0.069,0.1654,-0.2,146772.0,26997800.0,65680000.0,4.3,3.7333,2.8,-43854.0,31915870000000.0,819140000000.0
2017-08,1.16,1.23,-0.049,4923148.8,492808700.0,142452550.0,0.2994,0.5733,0.2,146919.0,26997800.0,65680000.0,4.4,3.7333,2.8,-41391.0,31915870000000.0,819140000000.0
2017-09,1.15,1.25,-0.058,4923148.8,492808700.0,142452550.0,0.5295,0.1163,0.2,147007.0,26997800.0,65680000.0,4.3,3.7333,2.8,-41593.0,31915870000000.0,819140000000.0
2017-10,1.15,1.24,-0.037,5009272.0,488213200.0,142415350.0,-0.0632,-0.0968,0.0,147150.0,26882830.0,65683340.0,4.2,3.6333,2.7,-42848.0,21736380000000.0,624373000000.0
2017-11,1.16,1.26,-0.048,5009272.0,488213200.0,142415350.0,0.0024,-0.7443,0.4,147373.0,26882830.0,65683340.0,4.2,3.6333,2.7,-45463.0,21736380000000.0,624373000000.0
2017-12,1.3,1.51,-0.042,5009272.0,488213200.0,142415350.0,-0.0588,0.3606,0.3,147523.0,26882830.0,65683340.0,4.1,3.6333,2.7,-46535.0,21736380000000.0,624373000000.0
2018-01,1.41,1.49,-0.04,5082138.3,495521400.0,142397525.0,0.5448,0.4176,0.1,147660.0,26283270.0,66480000.0,4.0,3.7,2.4667,-46993.0,18195670000000.0,-18859000000.0
2018-02,1.42,1.49,-0.042,5082138.3,495521400.0,142397525.0,0.4535,0.7635,0.0,148054.0,26283270.0,66480000.0,4.1,3.7,2.4667,-48714.0,18195670000000.0,-18859000000.0
2018-03,1.51,1.49,-0.062,5082138.3,495521400.0,142397525.0,0.2261,-0.1052,-0.3,148280.0,26283270.0,66480000.0,4.0,3.7,2.4667,-43514.0,18195670000000.0,-18859000000.0
2018-04,1.69,1.47,-0.063,5145228.0,499840000.0,142823100.0,0.3975,0.1823,-0.1,148422.0,27019200.0,66850000.0,4.0,3.7333,2.3667,-46306.0,19420550000000.0,760024000000.0
2018-05,1.7,1.5,-0.061,5145228.0,499840000.0,142823100.0,0.4159,0.0485,0.1,148740.0,27019200.0,66850000.0,3.8,3.7333,2.3667,-41635.0,19420550000000.0,760024000000.0
2018-06,1.82,1.49,-0.071,5145228.0,499840000.0,142823100.0,0.1594,-0.2021,-0.1,148959.0,27019200.0,66850000.0,4.0,3.7333,2.3667,-44928.0,19420550000000.0,760024000000.0
2018-07,1.91,1.49,-0.07,5199682.5,506010200.0,141961275.0,0.0067,-0.1913,0.1,149020.0,27015170.0,66833340.0,3.8,4.1667,2.4333,-49560.0,24250790000000.0,-540433999999.9999
2018-08,1.91,1.5,-0.059,5199682.5,506010200.0,141961275.0,0.0556,0.8845,0.5,149279.0,27015170.0,66833340.0,3.8,4.1667,2.4333,-49301.0,24250790000000.0,-540433999999.9999
2018-09,1.95,1.54,-0.058,5199682.5,506010200.0,141961275.0,0.1162,0.7631,0.1,149358.0,27015170.0,66833340.0,3.7,4.1667,2.4333,-50245.0,24250790000000.0,-540433999999.9999
2018-10,2.19,1.52,-0.06,5229466.8,505602900.0,142017400.0,0.1767,-0.1796,0.3,149526.0,26970630.0,67120000.0,3.8,3.8,2.4667,-52160.0,16480410000000.0,-1247779000000.0
2018-11,2.2,1.51,-0.071,5229466.8,505602900.0,142017400.0,-0.3349,-0.7107,-0.3,149617.0,26970630.0,67120000.0,3.8,3.8,2.4667,-49143.0,16480410000000.0,-1247779000000.0
2018-12,2.27,1.77,-0.068,5229466.8,505602900.0,142017400.0,-0.3194,-0.3443,-0.3,149809.0,26970630.0,67120000.0,3.9,3.8,2.4667,-54997.0,16480410000000.0,-1247779000000.0
2019-01,2.4,1.75,-0.064,5277900.0,503374400.0,143158150.0,0.1907,-0.1051,0.1,150059.0,26460630.0,67233340.0,4.0,3.8667,2.4667,-48785.0,13824900000000.0,-450450000000.0
2019-02,2.4,1.76,-0.055,5277900.0,503374400.0,143158150.0,0.4227,0.4318,0.0,150065.0,26460630.0,67233340.0,3.8,3.8667,2.4667,-47570.0,13824900000000.0,-450450000000.0
2019-03,2.41,1.76,-0.041,5277900.0,503374400.0,143158150.0,0.5641,-0.1913,0.0,150295.0,26460630.0,67233340.0,3.8,3.8667,2.4667,-48154.0,13824900000000.0,-450450000000.0
2019-04,2.42,1.75,-0.067,5349484.5,510024900.0,143704575.0,0.5295,0.3632,0.3,150593.0,27256100.0,67380000.0,3.7,3.9333,2.3333,-49769.0,11706900000000.0,-309791000000.0
2019-05,2.39,1.75,-0.049,5349484.5,510024900.0,143704575.0,0.2129,0.1719,0.0,150621.0,27256100.0,67380000.0,3.6,3.9333,2.3333,-51047.0,11706900000000.0,-309791000000.0
2019-06,2.38,1.76,-0.062,5349484.5,510024900.0,143704575.0,0.0199,-0.1616,-0.1,150839.0,27256100.0,67380000.0,3.6,3.9333,2.3333,-48703.0,11706900000000.0,-309791000000.0
2019-07,2.4,1.63,-0.071,5429292.8,511130600.0,143842825.0,0.1671,-0.3056,-0.1,150936.0,27381630.0,67540000.0,3.7,3.7333,2.3333,-48436.0,10642870000000.0,-470039000000.0
2019-08,2.13,1.51,-0.045,5429292.8,511130600.0,143842825.0,-0.0051,0.24,0.3,151171.0,27381630.0,67540000.0,3.6,3.7333,2.3333,-48676.0,10642870000000.0,-470039000000.0
2019-09,2.04,1.52,-0.059,5429292.8,511130600.0,143842825.0,0.0783,0.3711,0.1,151365.0,27381630.0,67540000.0,3.5,3.7333,2.3333,-44400.0,10642870000000.0,-470039000000.0
2019-10,1.83,1.35,-0.021,5483304.3,516064400.0,141145950.0,0.2286,0.2475,0.3,151460.0,27392430.0,67820000.0,3.6,3.5333,2.3,-41305.0,11476250000000.0,-514982999999.9999
2019-11,1.55,1.28,-0.043,5483304.3,516064400.0,141145950.0,-0.0536,-0.5598,0.1,151668.0,27392430.0,67820000.0,3.6,3.5333,2.3,-38786.0,11476250000000.0,-514982999999.9999
2019-12,1.55,1.28,-0.038,5483304.3,516064400.0,141145950.0,-0.091,0.2392,0.0,151795.0,27392430.0,67820000.0,3.6,3.5333,2.3,-43639.0,11476250000000.0,-514982999999.9999
2020-01,1.55,1.27,-0.032,5437809.5,509731800.0,141929625.0,0.388,0.372,-0.1,152031.0,26748930.0,67650000.0,3.6,3.5667,2.4333,-43562.0,14092520000000.0,212883000000.0
2020-02,1.58,1.24,-0.016,5437809.5,509731800.0,141929625.0,0.2741,0.0699,-0.2,152292.0,26748930.0,67650000.0,3.5,3.5667,2.4333,-39931.0,14092520000000.0,212883000000.0
2020-03,0.65,0.98,-0.047,5437809.5,509731800.0,141929625.0,-0.2176,-0.2196,0.0,150895.0,26748930.0,67650000.0,4.4,3.5667,2.4333,-42374.0,14092520000000.0,212883000000.0
2020-04,0.05,0.74,-0.036,4989572.8,503976500.0,132196600.0,-0.6687,-0.4403,-0.1,130424.0,26849170.0,66696660.0,14.8,4.1333,2.7333,-51888.0,3371902000000.0,-2172712000000.0
2020-05,0.05,0.7,-0.047,4989572.8,503976500.0,132196600.0,0.002,-0.0603,0.0,133040.0,26849170.0,66696660.0,13.2,4.1333,2.7333,-53995.0,3371902000000.0,-2172712000000.0
2020-06,0.08,0.48,-0.048,4989572.8,503976500.0,132196600.0,0.5472,0.2715,-0.2,137671.0,26849170.0,66696660.0,11.0,4.1333,2.7333,-49161.0,3371902000000.0,-2172712000000.0
2020-07,0.09,0.48,-0.028,5426109.3,518844700.0,138686375.0,0.5058,-0.0802,0.1,139255.0,27067470.0,66833340.0,10.2,4.0,2.9667,-58882.0,17119009999999.996,782743000000.0
2020-08,0.1,0.5,-0.035,5426109.3,518844700.0,138686375.0,0.3153,0.5621,0.1,140819.0,27067470.0,66833340.0,8.4,4.0,2.9667,-61843.0,17119009999999.996,782743000000.0
2020-09,0.09,0.48,-0.054,5426109.3,518844700.0,138686375.0,0.1393,0.549,-0.2,141770.0,27067470.0,66833340.0,7.8,4.0,2.9667,-57002.0,17119009999999.996,782743000000.0
2020-10,0.09,0.51,-0.02,5521790.0,525913600.0,141015125.0,0.0415,-0.5559,-0.1,142461.0,26951770.0,67223340.0,6.9,4.1667,3.0667,-61126.0,19815740000000.0,1648706000000.0
2020-11,0.09,0.49,-0.032,5521790.0,525913600.0,141015125.0,-0.0611,-0.0898,-0.3,142731.0,26951770.0,67223340.0,6.7,4.1667,3.0667,-64349.0,19815740000000.0,1648706000000.0
2020-12,0.09,0.51,-0.026,5521790.0,525913600.0,141015125.0,0.0941,0.2398,-0.2,142548.0,26951770.0,67223340.0,6.7,4.1667,3.0667,-61928.0,19815740000000.0,1648706000000.0
2021-01,0.09,0.49,-0.017,5670173.3,537774800.0,142167375.0,0.4254,0.7077,0.5,142913.0,26368530.0,67313340.0,6.4,4.2333,2.8667,-62826.0,14124960000000.0,629204000000.0
2021-02,0.08,0.49,-0.016,5670173.3,537774800.0,142167375.0,0.5474,0.5344,-0.1,143422.0,26368530.0,67313340.0,6.2,4.2333,2.8667,-65630.0,14124960000000.0,629204000000.0
2021-03,0.07,0.49,-0.017,5670173.3,537774800.0,142167375.0,0.7083,0.256,0.1,144246.0,26368530.0,67313340.0,6.1,4.2333,2.8667,-65658.0,14124960000000.0,629204000000.0
2021-04,0.07,0.48,-0.012,5856477.5,550886200.0,143314100.0,0.8219,0.1375,-0.8,144611.0,27466800.0,67073340.0,6.1,3.7667,2.9,-65115.0,9076005000000.0,336977000000.0
2021-05,0.06,0.48,-0.017,5856477.5,550886200.0,143314100.0,0.8017,0.0686,0.3,145032.0,27466800.0,67073340.0,5.8,3.7667,2.9,-65779.0,9076005000000.0,336977000000.0
2021-06,0.08,0.51,-0.029,5856477.5,550886200.0,143314100.0,0.9291,0.0,0.1,145828.0,27466800.0,67073340.0,5.9,3.7667,2.9,-71187.0,9076005000000.0,336977000000.0
2021-07,0.1,0.53,-0.036,5995594.8,562050800.0,143324075.0,0.4811,0.2058,0.1,146759.0,27644600.0,67176660.0,5.4,3.2,2.7667,-69169.0,7305146000000.0,-817872000000.0
2021-08,0.09,0.56,-0.034,5995594.8,562050800.0,143324075.0,0.2066,0.4792,0.1,147246.0,27644600.0,67176660.0,5.1,3.2,2.7667,-72588.0,7305146000000.0,-817872000000.0
2021-09,0.08,0.77,-0.022,5995594.8,562050800.0,143324075.0,0.2716,0.4088,0.1,147712.0,27644600.0,67176660.0,4.7,3.2,2.7667,-74657.0,7305146000000.0,-817872000000.0
2021-10,0.08,0.74,-0.027,6203400.0,571201200.0,144921225.0,0.8308,0.1745,0.1,148569.0,27611230.0,66930000.0,4.5,3.2667,2.7333,-66003.0,5142805000000.0,-1849191000000.0
2021-11,0.08,0.796,-0.039,6203400.0,571201200.0,144921225.0,0.4913,0.5031,0.1,149206.0,27611230.0,66930000.0,4.1,3.2667,2.7333,-79425.0,5142805000000.0,-1849191000000.0
2021-12,0.08,1.012,-0.026,6203400.0,571201200.0,144921225.0,0.3073,0.1637,0.1,149781.0,27611230.0,66930000.0,3.9,3.2667,2.7333,-79238.0,5142805000000.0,-1849191000000.0
2022-01,0.08,1.188,-0.02,6312586.8,576699300.0,145010175.0,0.8415,0.7785,0.1,150006.0,27369370.0,67056660.0,4.0,2.9667,2.7,-83599.0,-1460668000000.0,-3161173000000.0
2022-02,0.08,1.219,-0.018,6312586.8,576699300.0,145010175.0,0.9134,0.5436,0.1,150875.0,27369370.0,67056660.0,3.9,2.9667,2.7,-84685.0,-1460668000000.0,-3161173000000.0
2022-03,0.2,1.244,-0.008,6312586.8,576699300.0,145010175.0,1.3351,0.645,0.1,151346.0,27369370.0,67056660.0,3.7,2.9667,2.7,-99398.0,-1460668000000.0,-3161173000000.0
2022-04,0.33,1.299,-0.012,6465323.0,582672300.0,145937450.0,0.5583,0.688,0.1,151651.0,28347030.0,67290000.0,3.7,2.8667,2.6,-82878.0,-7490729000000.0,-4914537000000.0
2022-05,0.77,1.505,-0.018,6465323.0,582672300.0,145937450.0,1.1024,0.6272,0.1,151892.0,28347030.0,67290000.0,3.6,2.8667,2.6,-82157.0,-7490729000000.0,-4914537000000.0
2022-06,1.21,1.745,-0.038,6465323.0,582672300.0,145937450.0,1.3736,0.6605,0.1,152353.0,28347030.0,67290000.0,3.6,2.8667,2.6,-79785.0,-7490729000000.0,-4914537000000.0
2022-07,1.68,1.971,-0.012,6584076.0,581884400.0,145581550.0,-0.0118,0.4805,0.1,153049.0,28424600.0,67323340.0,3.5,2.8,2.5333,-68396.0,-26691330000000.0,-6394542000000.0
2022-08,2.33,2.263,-0.018,6584076.0,581884400.0,145581550.0,-0.0354,-0.092,0.1,153286.0,28424600.0,67323340.0,3.6,2.8,2.5333,-66959.0,-26691330000000.0,-6394542000000.0
2022-09,2.56,2.533,-0.049,6584076.0,581884400.0,145581550.0,0.2151,0.1749,0.1,153513.0,28424600.0,67323340.0,3.5,2.8,2.5333,-67781.0,-26691330000000.0,-6394542000000.0
2022-10,3.08,2.959,-0.05,6692628.5,582525500.0,148451400.0,0.4056,0.3124,0.1,153913.0,28215500.0,67226660.0,3.6,2.8667,2.5333,-74773.0,-27292300000000.0,-6363735000000.0
2022-11,3.78,3.096,-0.067,6692628.5,582525500.0,148451400.0,-0.101,-0.0824,0.1,154210.0,28215500.0,67226660.0,3.6,2.8667,2.5333,-62798.0,-27292300000000.0,-6363735000000.0
2022-12,4.1,3.235,-0.07,6692628.5,582525500.0,148451400.0,-0.307,0.1742,0.1,154336.0,28215500.0,67226660.0,3.5,2.8667,2.5333,-70521.0,-27292300000000.0,-6363735000000.0
2023-01,4.33,3.269,-0.02,6804111.3,589288400.0,151416600.0,0.7995,0.7414,0.1,154780.0,27766700.0,67283340.0,3.5,2.7,2.6,-68800.0,-22788240000000.0,-4420041000000.0
2023-02,4.57,3.425,-0.019,6804111.3,589288400.0,151416600.0,0.5582,0.2362,0.1,155086.0,27766700.0,67283340.0,3.6,2.7,2.6,-69202.0,-22788240000000.0,-4420041000000.0
2023-03,4.65,3.425,-0.017,6804111.3,589288400.0,151416600.0,0.3311,0.1722,0.1,155171.0,27766700.0,67283340.0,3.5,2.7,2.6,-58587.0,-22788240000000.0,-4420041000000.0
2023-04,4.83,3.467,-0.015,6882513.8,596883200.0,154360875.0,0.5059,0.2262,0.1,155387.0,28692970.0,67473340.0,3.4,2.5667,2.5333,-71110.0,-5466122000000.0,-2023232000000.0
2023-05,5.06,3.57,-0.051,6882513.8,596883200.0,154360875.0,0.2518,0.325,0.1,155614.0,28692970.0,67473340.0,3.6,2.5667,2.5333,-65814.0,-5466122000000.0,-2023232000000.0
2023-06,5.08,3.566,-0.066,6882513.8,596883200.0,154360875.0,0.3229,0.027,0.1,155871.0,28692970.0,67473340.0,3.6,2.5667,2.5333,-65163.0,-5466122000000.0,-2023232000000.0
2023-07,5.12,3.51,-0.046,7018711.5,605422300.0,154363175.0,0.1908,0.1169,0.1,156019.0,28687200.0,67516660.0,3.5,2.6667,2.6,-63759.0,5847444000000.0,-1448383000000.0
2023-08,5.33,3.538,-0.064,7018711.5,605422300.0,154363175.0,0.4367,0.8896,0.1,156176.0,28687200.0,67516660.0,3.7,2.6667,2.6,-59165.0,5847444000000.0,-1448383000000.0
2023-09,5.33,3.596,-0.054,7018711.5,605422300.0,154363175.0,0.2485,0.4898,0.1,156334.0,28687200.0,67516660.0,3.7,2.6667,2.6,-59565.0,5847444000000.0,-1448383000000.0
2023-10,5.33,3.517,-0.02,7106180.5,617093500.0,155861025.0,-0.0383,0.3811,0.1,156520.0,28518330.0,67600000.0,3.9,2.8333,2.5667,-64100.0,10553610000000.0,-1711495000000.0
2023-11,5.33,3.572,-0.015,7106180.5,617093500.0,155861025.0,-0.2015,-0.5209,0.1,156661.0,28518330.0,67600000.0,3.7,2.8333,2.5667,-65053.0,10553610000000.0,-1711495000000.0
2023-12,5.33,3.639,-0.012,7106180.5,617093500.0,155861025.0,-0.0993,0.0355,0.1,156930.0,28518330.0,67600000.0,3.8,2.8333,2.5667,-63888.0,10553610000000.0,-1711495000000.0
2024-01,5.33,3.47,-0.014,7177040.3,633548700.0,154757050.0,0.5448,0.3904,0.1,157049.0,28060430.0,67666660.0,3.7,2.8,2.5667,-67077.0,17243160000000.0,-1461253000000.0
2024-02,5.33,3.582,-0.006,7177040.3,633548700.0,154757050.0,0.619,0.5479,0.1,157271.0,28060430.0,67666660.0,3.9,2.8,2.5667,-66431.0,17243160000000.0,-1461253000000.0
2024-03,5.33,3.467,0.022,7177040.3,633548700.0,154757050.0,0.6464,0.1494,0.1,157517.0,28060430.0,67666660.0,3.9,2.8,2.5667,-66266.0,17243160000000.0,-1461253000000.0
2024-04,5.33,3.518,0.077,7286761.0,638175400.0,157982450.0,0.6464,0.1494,0.1,157635.0,28838470.0,67686660.0,3.9,2.8,2.5667,-73110.0,19475300000000.0,-1702847000000.0
2024-05,5.33,3.53,0.077,7286761.0,638175400.0,157982450.0,0.6464,0.1494,0.1,157828.0,28838470.0,67686660.0,3.9,2.8,2.5667,-74456.0,19475300000000.0,-1702847000000.0
2024-06,5.33,3.547,0.077,7286761.0,638175400.0,157982450.0,0.6464,0.1494,0.1,157915.0,28838470.0,67686660.0,4.1,2.8,2.5667,-73892.0,19475300000000.0,-1702847000000.0
2024-07,5.33,3.518,0.078,7377916.0,635086800.0,159775725.0,0.6464,0.1494,0.1,158003.0,28833370.0,67830000.0,4.2,2.5333,2.5,-78639.0,17322290000000.0,-1464246000000.0
2024-08,5.33,3.531,0.227,7377916.0,635086800.0,159775725.0,0.6464,0.1494,0.1,158074.0,28833370.0,67830000.0,4.2,2.5333,2.5,-71214.0,17322290000000.0,-1464246000000.0
2024-09,5.13,3.529,0.227,7377916.0,635086800.0,159775725.0,0.6464,0.1494,0.1,158314.0,28833370.0,67830000.0,4.1,2.5333,2.5,-81498.0,17322290000000.0,-1464246000000.0
2024-10,4.83,3.321,0.227,7456295.5,650046500.0,161589075.0,0.6464,0.1494,0.1,158358.0,28569800.0,68043340.0,4.1,3.0333,2.5,-74250.0,20457530000000.0,-907180000000.0
2024-11,4.64,3.245,0.227,7456295.5,650046500.0,161589075.0,0.6464,0.1494,0.1,158619.0,28569800.0,68043340.0,4.2,3.0333,2.5,-79752.0,20457530000000.0,-907180000000.0
2024-12,4.48,3.055,0.227,7456295.5,650046500.0,161589075.0,0.6464,0.1494,0.1,158942.0,28569800.0,68043340.0,4.1,3.0333,2.5,-96948.0,20457530000000.0,-907180000000.0
2025-01,4.33,3.053,0.293,7510528.3,647226700.0,162969000.0,0.6464,0.1494,0.1,159053.0,28215300.0,68170000.0,4.0,2.8333,2.4667,-128801.0,15418130000000.0,-1009619000000.0
2025-02,4.33,2.965,0.478,7510528.3,647226700.0,162969000.0,0.6464,0.1494,0.1,159155.0,28215300.0,68170000.0,4.2,2.8333,2.4667,-120278.0,15418130000000.0,-1009619000000.0
2025-03,4.33,2.754,0.477,7510528.3,647226700.0,162969000.0,0.6464,0.1494,0.1,159275.0,28215300.0,68170000.0,4.2,2.8333,2.4667,-136419.0,15418130000000.0,-1009619000000.0
2025-04,4.33,2.769,0.477,7621432.3,660025800.0,166336600.0,0.6464,0.1494,0.1,159433.0,29045800.0,68243340.0,4.2,2.6667,2.5,-60574.0,28622090000000.0,-748661000000.0
2025-05,4.33,2.738,0.477,7621432.3,660025800.0,166336600.0,0.6464,0.1494,0.1,159452.0,29045800.0,68243340.0,4.3,2.6667,2.5,-71052.0,28622090000000.0,-748661000000.0
2025-06,4.33,2.52,0.477,7621432.3,660025800.0,166336600.0,0.6464,0.1494,0.1,159439.0,29045800.0,68243340.0,4.1,2.6667,2.5,-58185.0,28622090000000.0,-748661000000.0
2025-07,4.33,2.5,0.478,7774506.8,664424900.0,166252425.0,0.6464,0.1494,0.1,159511.0,29049670.0,68250000.0,4.3,2.5333,2.5,-74399.0,29555660000000.0,-607305000000.0
2025-08,4.33,2.506,0.477,7774506.8,664424900.0,166252425.0,0.6464,0.1494,0.1,159485.0,29049670.0,68250000.0,4.3,2.5333,2.5,-55629.0,29555660000000.0,-607305000000.0
2025-09,4.22,2.526,0.477,7774506.8,664424900.0,166252425.0,0.6464,0.1494,0.1,159593.0,29049670.0,68250000.0,4.4,2.5333,2.5,-48137.0,29555660000000.0,-607305000000.0
2025-10,4.09,2.516,0.477,7774506.8,664424900.0,166252425.0,0.6464,0.1494,0.1,159420.0,29049670.0,68250000.0,4.4,2.5333,2.5,-29206.0,29555660000000.0,-607305000000.0
2025-11,3.88,2.512,0.478,7774506.8,664424900.0,166252425.0,0.6464,0.1494,0.1,159476.0,29049670.0,68250000.0,4.5,2.5333,2.5,-56825.0,29555660000000.0,-607305000000.0
2025-12,3.72,2.53,0.557,7774506.8,664424900.0,166252425.0,0.6464,0.1494,0.1,159526.0,29049670.0,68250000.0,4.4,2.5333,2.5,-56825.0,29555660000000.0,-607305000000.0
